ID;URI;English Name;English Synonyms;German Name;German Synonyms;Parent Information Storage Medium Type;German Breadcrumb;English Breadcrumb;Wikidata ID;GND ID;AAT ID;PBCore Link
1;https://gitlab.git.nrw/arkumu/arkumu-exchange-portal/-/wikis/controlled-vocabularies/information-storage-medium-types#information-storage-medium-type-1;Videocassette;;Videokassette;;;Videokassette;Videocassette;Q121141504;4188225-8;300028692;http://pbcore.org/pbcore-controlled-vocabularies/instantiationphysical-video-vocabulary/#Videocassette
2;https://gitlab.git.nrw/arkumu/arkumu-exchange-portal/-/wikis/controlled-vocabularies/information-storage-medium-types#information-storage-medium-type-2;Betacam;;Betacam;;1;Videokassette > Betacam;Videocasette > Betacam;Q830910;;300264686;http://pbcore.org/pbcore-controlled-vocabularies/instantiationphysical-video-vocabulary/#Betacam
3;https://gitlab.git.nrw/arkumu/arkumu-exchange-portal/-/wikis/controlled-vocabularies/information-storage-medium-types#information-storage-medium-type-3;Betacam SP;;Betacam SP;;2;Videokassette > Betacam > Betacam SP;Videocasette > Betacam > Betacam SP;Q830904;;300264687;
4;https://gitlab.git.nrw/arkumu/arkumu-exchange-portal/-/wikis/controlled-vocabularies/information-storage-medium-types#information-storage-medium-type-4;Betacam SX;;Betacam SX;;2;Videokassette > Betacam > Betacam SX;Videocasette > Betacam > Betacam SX;Q361797;;;http://pbcore.org/pbcore-controlled-vocabularies/instantiationphysical-video-vocabulary/#BetacamSX
5;https://gitlab.git.nrw/arkumu/arkumu-exchange-portal/-/wikis/controlled-vocabularies/information-storage-medium-types#information-storage-medium-type-5;Betamax;;Betamax;;1;Videokassette > Betamax;Videocasette > Betamax;Q690148;;300404417;http://pbcore.org/pbcore-controlled-vocabularies/instantiationphysical-video-vocabulary/#Betamax
6;https://gitlab.git.nrw/arkumu/arkumu-exchange-portal/-/wikis/controlled-vocabularies/information-storage-medium-types#information-storage-medium-type-6;Catrivision;;Catrivision;;1;Videokassette > Catrivision;Videocasette > Catrivision;Q5047444;;;http://pbcore.org/pbcore-controlled-vocabularies/instantiationphysical-video-vocabulary/#Catrivision
7;https://gitlab.git.nrw/arkumu/arkumu-exchange-portal/-/wikis/controlled-vocabularies/information-storage-medium-types#information-storage-medium-type-7;D1;;D1;;1;Videokassette > D1;Videocasette > D1;Q1151486;;;http://pbcore.org/pbcore-controlled-vocabularies/instantiationphysical-video-vocabulary/#D1
8;https://gitlab.git.nrw/arkumu/arkumu-exchange-portal/-/wikis/controlled-vocabularies/information-storage-medium-types#information-storage-medium-type-8;D2;;D2;;1;Videokassette > D2;Videocasette > D2;Q1158883;;;http://pbcore.org/pbcore-controlled-vocabularies/instantiationphysical-video-vocabulary/#D2
9;https://gitlab.git.nrw/arkumu/arkumu-exchange-portal/-/wikis/controlled-vocabularies/information-storage-medium-types#information-storage-medium-type-9;D3;;D3;;1;Videokassette > D3;Videocasette > D3;Q736474;;;http://pbcore.org/pbcore-controlled-vocabularies/instantiationphysical-video-vocabulary/#D3
10;https://gitlab.git.nrw/arkumu/arkumu-exchange-portal/-/wikis/controlled-vocabularies/information-storage-medium-types#information-storage-medium-type-10;D5;;D5;;1;Videokassette > D5;Videocasette > D5;Q2738019;;;http://pbcore.org/pbcore-controlled-vocabularies/instantiationphysical-video-vocabulary/#D5
11;https://gitlab.git.nrw/arkumu/arkumu-exchange-portal/-/wikis/controlled-vocabularies/information-storage-medium-types#information-storage-medium-type-11;D6;D6-VTR;D6;;1;Videokassette > D6;Videocasette > D6;Q3700253;;;http://pbcore.org/pbcore-controlled-vocabularies/instantiationphysical-video-vocabulary/#D6
12;https://gitlab.git.nrw/arkumu/arkumu-exchange-portal/-/wikis/controlled-vocabularies/information-storage-medium-types#information-storage-medium-type-12;D9;D-9,Digital S;D9;;1;Videokassette > D9;Videocasette > D9;Q1151555;;;http://pbcore.org/pbcore-controlled-vocabularies/instantiationphysical-video-vocabulary/#D9
13;https://gitlab.git.nrw/arkumu/arkumu-exchange-portal/-/wikis/controlled-vocabularies/information-storage-medium-types#information-storage-medium-type-13;DCT;;DCT;;1;Videokassette > DCT;Videocasette > DCT;Q3700309;;;http://pbcore.org/pbcore-controlled-vocabularies/instantiationphysical-video-vocabulary/#DCT
14;https://gitlab.git.nrw/arkumu/arkumu-exchange-portal/-/wikis/controlled-vocabularies/information-storage-medium-types#information-storage-medium-type-14;Digital Betacam;DigiBeta,D-Beta;Digital Betacam;;1;Videokassette > Digital Betacam;Videocasette > Digital Betacam;Q1751553;;;http://pbcore.org/pbcore-controlled-vocabularies/instantiationphysical-video-vocabulary/#DigitalBetacam
15;https://gitlab.git.nrw/arkumu/arkumu-exchange-portal/-/wikis/controlled-vocabularies/information-storage-medium-types#information-storage-medium-type-15;Digital8;Digital 8,Di8;Digital8;;1;Videokassette > Digital8;Videocasette > Digital8;Q930337;;;http://pbcore.org/pbcore-controlled-vocabularies/instantiationphysical-video-vocabulary/#Digital8
16;https://gitlab.git.nrw/arkumu/arkumu-exchange-portal/-/wikis/controlled-vocabularies/information-storage-medium-types#information-storage-medium-type-16;DV;;DV;;1;Videokassette > DV;Videocasette > DV;Q3796889;;;http://pbcore.org/pbcore-controlled-vocabularies/instantiationphysical-video-vocabulary/#DV
17;https://gitlab.git.nrw/arkumu/arkumu-exchange-portal/-/wikis/controlled-vocabularies/information-storage-medium-types#information-storage-medium-type-17;DVCAM;;DVCAM;;1;Videokassette > DVCAM;Videocasette > DVCAM;Q1361160;;;http://pbcore.org/pbcore-controlled-vocabularies/instantiationphysical-video-vocabulary/#DVCAM
18;https://gitlab.git.nrw/arkumu/arkumu-exchange-portal/-/wikis/controlled-vocabularies/information-storage-medium-types#information-storage-medium-type-18;DVCPRO;DVCPro 25,DVCPro 50,DVCPro Progressive,DVCPro HD,P2;DVCPRO;;1;Videokassette > DVCPRO;Videocasette > DVCPRO;Q20183259;;;http://pbcore.org/pbcore-controlled-vocabularies/instantiationphysical-video-vocabulary/#DVCPRO
19;https://gitlab.git.nrw/arkumu/arkumu-exchange-portal/-/wikis/controlled-vocabularies/information-storage-medium-types#information-storage-medium-type-19;HDCAM;HDCAM SR;HDCAM;;1;Videokassette > HDCAM;Videocasette > HDCAM;Q1194529;;;http://pbcore.org/pbcore-controlled-vocabularies/instantiationphysical-video-vocabulary/#HDCAM
20;https://gitlab.git.nrw/arkumu/arkumu-exchange-portal/-/wikis/controlled-vocabularies/information-storage-medium-types#information-storage-medium-type-20;HDV;;HDV;;1;Videokassette > HDV;Videocasette > HDV;Q1563058;;;http://pbcore.org/pbcore-controlled-vocabularies/instantiationphysical-video-vocabulary/#HDV
21;https://gitlab.git.nrw/arkumu/arkumu-exchange-portal/-/wikis/controlled-vocabularies/information-storage-medium-types#information-storage-medium-type-21;Hi8;;Hi8;;1;Videokassette > Hi8;Videocasette > Hi8;Q2302273;;300264682;http://pbcore.org/pbcore-controlled-vocabularies/instantiationphysical-video-vocabulary/#Hi8
22;https://gitlab.git.nrw/arkumu/arkumu-exchange-portal/-/wikis/controlled-vocabularies/information-storage-medium-types#information-storage-medium-type-22;MII;;MII;;1;Videokassette > MII;Videocasette > MII;Q3841334;;;http://pbcore.org/pbcore-controlled-vocabularies/instantiationphysical-video-vocabulary/#MII
23;https://gitlab.git.nrw/arkumu/arkumu-exchange-portal/-/wikis/controlled-vocabularies/information-storage-medium-types#information-storage-medium-type-23;MiniDV;DVC;MiniDV;;1;Videokassette > MiniDV;Videocasette > MiniDV;Q6957908;;;http://pbcore.org/pbcore-controlled-vocabularies/instantiationphysical-video-vocabulary/#MiniDV
24;https://gitlab.git.nrw/arkumu/arkumu-exchange-portal/-/wikis/controlled-vocabularies/information-storage-medium-types#information-storage-medium-type-24;U-matic;U-matic S,U-matic SP;U-matic;;1;Videokassette > U-matic;Videocasette > U-matic;Q278080;;;http://pbcore.org/pbcore-controlled-vocabularies/instantiationphysical-video-vocabulary/#Umatic
25;https://gitlab.git.nrw/arkumu/arkumu-exchange-portal/-/wikis/controlled-vocabularies/information-storage-medium-types#information-storage-medium-type-25;V-Cord;;V-Cord;;1;Videokassette > V-Cord;Videocasette > V-Cord;Q5929966;;;http://pbcore.org/pbcore-controlled-vocabularies/instantiationphysical-video-vocabulary/#Vcord
26;https://gitlab.git.nrw/arkumu/arkumu-exchange-portal/-/wikis/controlled-vocabularies/information-storage-medium-types#information-storage-medium-type-26;VHS;;VHS;;1;Videokassette > VHS;Videocasette > VHS;Q183976;;;http://pbcore.org/pbcore-controlled-vocabularies/instantiationphysical-video-vocabulary/#VHS
27;https://gitlab.git.nrw/arkumu/arkumu-exchange-portal/-/wikis/controlled-vocabularies/information-storage-medium-types#information-storage-medium-type-27;S-VHS;;S-VHS;;26;Videokassette > VHS > S-VHS;Videocasette > VHS > S-VHS;Q1050875;;;
28;https://gitlab.git.nrw/arkumu/arkumu-exchange-portal/-/wikis/controlled-vocabularies/information-storage-medium-types#information-storage-medium-type-28;VHS-C;;VHS-C;;26;Videokassette > VHS > S-VHS;Videocasette > VHS > S-VHS;Q549855;;;
29;https://gitlab.git.nrw/arkumu/arkumu-exchange-portal/-/wikis/controlled-vocabularies/information-storage-medium-types#information-storage-medium-type-29;Video8;;Video8;;1;Videokassette > Video8;Videocasette > Video8;Q1155472;;;http://pbcore.org/pbcore-controlled-vocabularies/instantiationphysical-video-vocabulary/#Video8
30;https://gitlab.git.nrw/arkumu/arkumu-exchange-portal/-/wikis/controlled-vocabularies/information-storage-medium-types#information-storage-medium-type-30;VX;;VX;;1;Videokassette > VX;Videocasette > VX;Q7907690;;;http://pbcore.org/pbcore-controlled-vocabularies/instantiationphysical-video-vocabulary/#VX
31;https://gitlab.git.nrw/arkumu/arkumu-exchange-portal/-/wikis/controlled-vocabularies/information-storage-medium-types#information-storage-medium-type-31;Open Reel Videotape;;Videoband;Offenspule Video,Offene Videobandspule;;Videoband;Open Reel Videotape;Q29167500;;300450676;http://pbcore.org/pbcore-controlled-vocabularies/instantiationphysical-video-vocabulary/#OpenReelVideoTape
32;https://gitlab.git.nrw/arkumu/arkumu-exchange-portal/-/wikis/controlled-vocabularies/information-storage-medium-types#information-storage-medium-type-32;1 Inch Type A Videotape;SMPTE Type A;1 Zoll A Videoband;;31;Videoband > 1 Zoll A Videoband;Open Reel Videotape > 1 Inch Type A Videotape;Q3597951;;;
33;https://gitlab.git.nrw/arkumu/arkumu-exchange-portal/-/wikis/controlled-vocabularies/information-storage-medium-types#information-storage-medium-type-33;1 Inch Type B Videotape;SMPTE Type B;1 Zoll B Videoband;;31;Videoband > 1 Zoll B Videoband;Open Reel Videotape > 1 Inch Type B Videotape;Q3597955;;;
34;https://gitlab.git.nrw/arkumu/arkumu-exchange-portal/-/wikis/controlled-vocabularies/information-storage-medium-types#information-storage-medium-type-34;1 Inch Type C Videotape;SMPTE Type C;1 Zoll C Videoband;;31;Videoband > 1 Zoll C Videoband;Open Reel Videotape > 1 Inch Type C Videotape;Q209020;;;http://pbcore.org/pbcore-controlled-vocabularies/instantiationphysical-video-vocabulary/#1InchVideotape
35;https://gitlab.git.nrw/arkumu/arkumu-exchange-portal/-/wikis/controlled-vocabularies/information-storage-medium-types#information-storage-medium-type-35;1/2 Inch Videotape;EIAJ-1;1/2 Zoll Videoband;;31;Videoband > 1/2 Zoll Videoband;Open Reel Videotape > 1/2 Inch Videotape;Q3748136;;;http://pbcore.org/pbcore-controlled-vocabularies/instantiationphysical-video-vocabulary/#HalfInchVideotape
36;https://gitlab.git.nrw/arkumu/arkumu-exchange-portal/-/wikis/controlled-vocabularies/information-storage-medium-types#information-storage-medium-type-36;1/4 Inch Videotape;Akai Video Tape;1/4 Zoll Videoband;;31;Videoband > 1/4 Zoll Videoband;Open Reel Videotape > 1/4 Inch Videotape;Q4700172;;;http://pbcore.org/pbcore-controlled-vocabularies/instantiationphysical-video-vocabulary/#QuarterInchVideotape
37;https://gitlab.git.nrw/arkumu/arkumu-exchange-portal/-/wikis/controlled-vocabularies/information-storage-medium-types#information-storage-medium-type-37;2 Inch Videotape;Quadruplex,Octaplex,VR-1500,VR-1600,IVC-9000,Helical SV-201,ACR 25;2 Zoll Videoband;;31;Videoband > 2 Zoll Videoband;Open Reel Videotape > 2 Inch Videotape;Q122763358;;;http://pbcore.org/pbcore-controlled-vocabularies/instantiationphysical-video-vocabulary/#2InchVideotape
38;https://gitlab.git.nrw/arkumu/arkumu-exchange-portal/-/wikis/controlled-vocabularies/information-storage-medium-types#information-storage-medium-type-38;Optical Video Disc;;Optischer Videodatenträger;;;Optischer Videodatenträger;Optical Video Disc;Q234870;;;http://pbcore.org/pbcore-controlled-vocabularies/instantiationphysical-video-vocabulary/#OpticalVideoDisc
39;https://gitlab.git.nrw/arkumu/arkumu-exchange-portal/-/wikis/controlled-vocabularies/information-storage-medium-types#information-storage-medium-type-39;Blu-ray Video Disc;Video-BD;Blu-ray Video Disc;;38;Optischer Videodatenträger > Blu-ray Video Disc;Optical Video Disc > Blu-ray Video Disc;Q47770;7597887-8;;http://pbcore.org/pbcore-controlled-vocabularies/instantiationphysical-video-vocabulary/#BluRayDisc
40;https://gitlab.git.nrw/arkumu/arkumu-exchange-portal/-/wikis/controlled-vocabularies/information-storage-medium-types#information-storage-medium-type-40;Video-DVD;Video DVD+R,Video DVD+R DL,Video DVD-R,Video DVD-RW,Video DVD+RW;Video-DVD;;38;Optischer Videodatenträger > Video-DVD;Optical Video Disc > Video-DVD;Q5294;;;http://pbcore.org/pbcore-controlled-vocabularies/instantiationphysical-video-vocabulary/#DVD
41;https://gitlab.git.nrw/arkumu/arkumu-exchange-portal/-/wikis/controlled-vocabularies/information-storage-medium-types#information-storage-medium-type-41;EVD;Enhanced Versatile Disc;EVD;;38;Optischer Videodatenträger > EVD;Optical Video Disc > EVD;Q1152899;;;http://pbcore.org/pbcore-controlled-vocabularies/instantiationphysical-video-vocabulary/#EVD
42;https://gitlab.git.nrw/arkumu/arkumu-exchange-portal/-/wikis/controlled-vocabularies/information-storage-medium-types#information-storage-medium-type-42;LaserDisc;CAV,CLV,CAA;LaserDisc;;38;Optischer Videodatenträger > LaserDisc;Optical Video Disc > LaserDisc;Q273309;;;http://pbcore.org/pbcore-controlled-vocabularies/instantiationphysical-video-vocabulary/#LaserDisc
43;https://gitlab.git.nrw/arkumu/arkumu-exchange-portal/-/wikis/controlled-vocabularies/information-storage-medium-types#information-storage-medium-type-43;Video CD;VCD;Video CD;;38;Optischer Videodatenträger > Video CD;Optical Video Disc > Video CD;Q321259;4654578-5;;
44;https://gitlab.git.nrw/arkumu/arkumu-exchange-portal/-/wikis/controlled-vocabularies/information-storage-medium-types#information-storage-medium-type-44;Super Video CD;;Super Video CD;;38;Optischer Videodatenträger > Super Video CD;Optical Video Disc > Super Video CD;Q428159;;;http://pbcore.org/pbcore-controlled-vocabularies/instantiationphysical-video-vocabulary/#SuperVideoCD
45;https://gitlab.git.nrw/arkumu/arkumu-exchange-portal/-/wikis/controlled-vocabularies/information-storage-medium-types#information-storage-medium-type-45;Universal Media Disc;;Universal Media Disc;;38;Optischer Videodatenträger > Universal Media Disc;Optical Video Disc > Universal Media Disc;Q270309;;;http://pbcore.org/pbcore-controlled-vocabularies/instantiationphysical-video-vocabulary/#UniversalMediaDisc
46;https://gitlab.git.nrw/arkumu/arkumu-exchange-portal/-/wikis/controlled-vocabularies/information-storage-medium-types#information-storage-medium-type-46;XDCAM Disc;;XDCAM Disc;;38;Optischer Videodatenträger > XDCAM Disc;Optical Video Disc > XDCAM Disc;Q1153113;;;
47;https://gitlab.git.nrw/arkumu/arkumu-exchange-portal/-/wikis/controlled-vocabularies/information-storage-medium-types#information-storage-medium-type-47;Mechanical Audio Storage Medium;;Mechanischer Tonträger;;;Mechanischer Tonträger;Mechanical Audio Storage Medium;Q123117748;;;
48;https://gitlab.git.nrw/arkumu/arkumu-exchange-portal/-/wikis/controlled-vocabularies/information-storage-medium-types#information-storage-medium-type-48;Dictabelt;;Dictabelt;;47;Mechanischer Tonträger > Dictabelt;Mechanical Audio Storage Medium > Dictabelt;Q5273930;;300424575;http://pbcore.org/pbcore-controlled-vocabularies/instantiationphysical-audio-vocabulary/#GroovedDictabelt
49;https://gitlab.git.nrw/arkumu/arkumu-exchange-portal/-/wikis/controlled-vocabularies/information-storage-medium-types#information-storage-medium-type-49;Phonograph Cylinder;Phonograph Roll,Audio Cylinder;Phonographenwalze;Phonographenwalze;47;Mechanischer Tonträger > Phonographenwalze;Mechanical Audio Storage Medium > Phonograph Cylinder;Q691783;4536294-4;300420461;
50;https://gitlab.git.nrw/arkumu/arkumu-exchange-portal/-/wikis/controlled-vocabularies/information-storage-medium-types#information-storage-medium-type-50;Normal Groove Cylinder;2 Minute Cylinder,Two Minute Cylinder;Normalspiel-Walze;2-Minuten-Walze,2-Minuten-Zylinder,Zwei-Minuten-Walze,Zwei-Minuten-Zylinder;49;Mechanischer Tonträger > Phonographenwalze > Normalspiel-Walze;Mechanical Audio Storage Medium > Phonograph Cylinder > Normal Groove Cylinder;Q123117896;;;
51;https://gitlab.git.nrw/arkumu/arkumu-exchange-portal/-/wikis/controlled-vocabularies/information-storage-medium-types#information-storage-medium-type-51;Narrow Groove Cylinder;4 Minute Cylinder,Four Minute Cylinder;Langspiel-Walze;4-Minuten-Walze,4-Minuten-Zylinder,Vier-Minuten-Walze,Vier-Minuten-Zylinder;49;Mechanischer Tonträger > Phonographenwalze > Langspiel-Walze;Mechanical Audio Storage Medium > Phonograph Cylinder > Narrow Groove Cylinder;Q123117963;;;
52;https://gitlab.git.nrw/arkumu/arkumu-exchange-portal/-/wikis/controlled-vocabularies/information-storage-medium-types#information-storage-medium-type-52;Dictation Cylinder;;Diktat-Zylinder;;49;Mechanischer Tonträger > Phonographenwalze > Diktat-Zylinder;Mechanical Audio Storage Medium > Phonograph Cylinder > Dictation Cylinder;Q123118001;;300424576;
53;https://gitlab.git.nrw/arkumu/arkumu-exchange-portal/-/wikis/controlled-vocabularies/information-storage-medium-types#information-storage-medium-type-53;Grooved Analog Disc;;Schallplatte;;47;Mechanischer Tonträger > Schallplatte;Mechanical Audio Storage Medium > Grooved Analog Disc;Q16629185;4052032-8;;http://pbcore.org/pbcore-controlled-vocabularies/instantiationphysical-audio-vocabulary/#GroovedAnalogDisc
54;https://gitlab.git.nrw/arkumu/arkumu-exchange-portal/-/wikis/controlled-vocabularies/information-storage-medium-types#information-storage-medium-type-54;Coarse Groove Record;;Normalrillen-Schallplatte;;53;Mechanischer Tonträger > Schallplatte > Normalrillen-Schallplatte;Mechanical Audio Storage Medium > Grooved Analog Disc > Coarse Groove Record;Q123118095;4135113-7;;
55;https://gitlab.git.nrw/arkumu/arkumu-exchange-portal/-/wikis/controlled-vocabularies/information-storage-medium-types#information-storage-medium-type-55;Microgroove Record;;Mikrorillen-Schallplatte;;53;Mechanischer Tonträger > Schallplatte > Mikrorillen-Schallplatte;Mechanical Audio Storage Medium > Grooved Analog Disc > Microgroove Record;Q86816874;;;
56;https://gitlab.git.nrw/arkumu/arkumu-exchange-portal/-/wikis/controlled-vocabularies/information-storage-medium-types#information-storage-medium-type-56;Tefifon Tape;;Tefifon-Band;;47;Mechanischer Tonträger > Tefifon-Band;Mechanical Audio Storage Medium > Tefifon Tape;Q1676393;;;
57;https://gitlab.git.nrw/arkumu/arkumu-exchange-portal/-/wikis/controlled-vocabularies/information-storage-medium-types#information-storage-medium-type-57;Magnetic Audio Storage Medium;;Magnetischer Tonträger;;;Magnetischer Tonträger;Magnetic Audio Storage Medium;Q123118470;;;
58;https://gitlab.git.nrw/arkumu/arkumu-exchange-portal/-/wikis/controlled-vocabularies/information-storage-medium-types#information-storage-medium-type-58;Magnetic Audio Tape;;Magnettonband;;57;Magnetischer Tonträger > Magnettonband;Magnetic Audio Storage Medium > Magnetic Audio Tape;Q123118513;4135867-3;;
59;https://gitlab.git.nrw/arkumu/arkumu-exchange-portal/-/wikis/controlled-vocabularies/information-storage-medium-types#information-storage-medium-type-59;Open Reel Audiotape;;Spulentonband;;58;Magnetischer Tonträger > Magnettonband > Spulentonband;Magnetic Audio Storage Medium > Magnetic Audio Tape > Open Reel Audiotape;Q544858;;;http://pbcore.org/pbcore-controlled-vocabularies/instantiationphysical-audio-vocabulary/#OpenReelAudiotape
60;https://gitlab.git.nrw/arkumu/arkumu-exchange-portal/-/wikis/controlled-vocabularies/information-storage-medium-types#information-storage-medium-type-60;Audio Cassette;CC,MC;Kompaktkassette;;58;Magnetischer Tonträger > Magnettonband > Kompaktkassette;Magnetic Audio Storage Medium > Magnetic Audio Tape > Audio Cassette;Q149757;4036993-6;;
61;https://gitlab.git.nrw/arkumu/arkumu-exchange-portal/-/wikis/controlled-vocabularies/information-storage-medium-types#information-storage-medium-type-61;Executive Cassette;;Executive Cassette;;58;Magnetischer Tonträger > Magnettonband > Executive Cassette;Magnetic Audio Storage Medium > Magnetic Audio Tape > Executive Cassette;Q122763527;;;
62;https://gitlab.git.nrw/arkumu/arkumu-exchange-portal/-/wikis/controlled-vocabularies/information-storage-medium-types#information-storage-medium-type-62;Mini-Cassette;Minicassette;Minikassette;;58;Magnetischer Tonträger > Magnettonband > Minikassette;Magnetic Audio Storage Medium > Magnetic Audio Tape > Mini-Cassette;Q1936845;;300310081;http://pbcore.org/pbcore-controlled-vocabularies/instantiationphysical-audio-vocabulary/#MiniCassette
63;https://gitlab.git.nrw/arkumu/arkumu-exchange-portal/-/wikis/controlled-vocabularies/information-storage-medium-types#information-storage-medium-type-63;Microcassette;MC;Mikrokassette;;58;Magnetischer Tonträger > Magnettonband > Mikrokassette;Magnetic Audio Storage Medium > Magnetic Audio Tape > Microcassette;Q1509636;;;
64;https://gitlab.git.nrw/arkumu/arkumu-exchange-portal/-/wikis/controlled-vocabularies/information-storage-medium-types#information-storage-medium-type-64;Picocassette;;Picocassette;;58;Magnetischer Tonträger > Magnettonband > Picocassette;Magnetic Audio Storage Medium > Magnetic Audio Tape > Picocassette;Q7191037;;;
65;https://gitlab.git.nrw/arkumu/arkumu-exchange-portal/-/wikis/controlled-vocabularies/information-storage-medium-types#information-storage-medium-type-65;Fidelipac;NAB cartridge;Fidelipac;;58;Magnetischer Tonträger > Magnettonband > Fidelipac;Magnetic Audio Storage Medium > Magnetic Audio Tape > Fidelipac;Q2340980;;;
66;https://gitlab.git.nrw/arkumu/arkumu-exchange-portal/-/wikis/controlled-vocabularies/information-storage-medium-types#information-storage-medium-type-66;Stereo-Pak;4-track Cartridge,4-track Tape;Stereo-Pak;4-Spur-Kassette;58;Magnetischer Tonträger > Magnettonband > Stereo-Pak;Magnetic Audio Storage Medium > Magnetic Audio Tape > Stereo-Pak;Q7611194;;;
67;https://gitlab.git.nrw/arkumu/arkumu-exchange-portal/-/wikis/controlled-vocabularies/information-storage-medium-types#information-storage-medium-type-67;8-track Tape;Stereo 8,Eight-track Cartridge;8-Spur-Kassette;Acht-Spur-Kassette;58;Magnetischer Tonträger > Magnettonband > 8-Spur-Kassette;Magnetic Audio Storage Medium > Magnetic Audio Tape > 8-track Tape;Q270171;7690297-3;300423982;http://pbcore.org/pbcore-controlled-vocabularies/instantiationphysical-audio-vocabulary/#8Track
68;https://gitlab.git.nrw/arkumu/arkumu-exchange-portal/-/wikis/controlled-vocabularies/information-storage-medium-types#information-storage-medium-type-68;Magnetic Sound Disc;Astromag;Magnettonplatte;;57;Magnetischer Tonträger > Magnettonplatte;Magnetic Audio Storage Medium > Magnetic Sound Disc;Q1416388;;;
69;https://gitlab.git.nrw/arkumu/arkumu-exchange-portal/-/wikis/controlled-vocabularies/information-storage-medium-types#information-storage-medium-type-69;Wire Recording;;Tondraht;Drahtton;57;Magnetischer Tonträger > Tondraht;Magnetic Audio Storage Medium > Wire Recording;Q116822101;;;http://pbcore.org/pbcore-controlled-vocabularies/instantiationphysical-audio-vocabulary/#WireRecording
70;https://gitlab.git.nrw/arkumu/arkumu-exchange-portal/-/wikis/controlled-vocabularies/information-storage-medium-types#information-storage-medium-type-70;Optical Audio Storage Medium;;Optischer Tonträger;;;Optischer Tonträger;Optical Audio Storage Medium;Q123118558;;;
71;https://gitlab.git.nrw/arkumu/arkumu-exchange-portal/-/wikis/controlled-vocabularies/information-storage-medium-types#information-storage-medium-type-71;Optical Sound Film;Triergon Film,Light Ray Film;Lichttonfilm;Triergon-Film;70;Optischer Tonträger > Lichttonfilm;Optical Audio Storage Medium > Optical Sound Film;Q1004803;;;
72;https://gitlab.git.nrw/arkumu/arkumu-exchange-portal/-/wikis/controlled-vocabularies/information-storage-medium-types#information-storage-medium-type-72;Digital Audio Storage Medium;;Digitaler Tonträger;;;Digitaler Tonträger;Digital Audio Storage Medium;Q123118716;;;
73;https://gitlab.git.nrw/arkumu/arkumu-exchange-portal/-/wikis/controlled-vocabularies/information-storage-medium-types#information-storage-medium-type-73;Magneto-digital Audio Storage Medium;;Magneto-digitaler Tonträger;;72;Digitaler Tonträger > Magneto-digitaler Tonträger;Digital Audio Storage Medium > Magneto-digital Audio Storage Medium;Q123118830;;;
74;https://gitlab.git.nrw/arkumu/arkumu-exchange-portal/-/wikis/controlled-vocabularies/information-storage-medium-types#information-storage-medium-type-74;DASH Open Reel Tape;;DASH-Tonband;;73;Digitaler Tonträger > Magneto-digitaler Tonträger > DASH-Tonband;Digital Audio Storage Medium > Magneto-digital Audio Storage Medium > DASH Open Reel Tape;Q497444;;;
75;https://gitlab.git.nrw/arkumu/arkumu-exchange-portal/-/wikis/controlled-vocabularies/information-storage-medium-types#information-storage-medium-type-75;Pro Digi Open Reel Tape;;Pro-Digi-Tonband;;73;Digitaler Tonträger > Magneto-digitaler Tonträger > Pro-Digi-Tonband;Digital Audio Storage Medium > Magneto-digital Audio Storage Medium > Pro Digi Open Reel Tape;Q7246653;;;
76;https://gitlab.git.nrw/arkumu/arkumu-exchange-portal/-/wikis/controlled-vocabularies/information-storage-medium-types#information-storage-medium-type-76;PCM Betamax;;PCM Betamax;;73;Digitaler Tonträger > Magneto-digitaler Tonträger > PCM Betamax;Digital Audio Storage Medium > Magneto-digital Audio Storage Medium > PCM Betamax;Q123119962;;;http://pbcore.org/pbcore-controlled-vocabularies/instantiationphysical-audio-vocabulary/#PCMBetamax
77;https://gitlab.git.nrw/arkumu/arkumu-exchange-portal/-/wikis/controlled-vocabularies/information-storage-medium-types#information-storage-medium-type-77;PCM U-Matic;;PCM U-Matic;;73;Digitaler Tonträger > Magneto-digitaler Tonträger > PCM U-Matic;Digital Audio Storage Medium > Magneto-digital Audio Storage Medium > PCM U-Matic;Q123120037;;;http://pbcore.org/pbcore-controlled-vocabularies/instantiationphysical-audio-vocabulary/#PCMUmatic
78;https://gitlab.git.nrw/arkumu/arkumu-exchange-portal/-/wikis/controlled-vocabularies/information-storage-medium-types#information-storage-medium-type-78;PCM VHS;;PCM VHS;;73;Digitaler Tonträger > Magneto-digitaler Tonträger > PCM VHS;Digital Audio Storage Medium > Magneto-digital Audio Storage Medium > PCM VHS;Q123120103;;;http://pbcore.org/pbcore-controlled-vocabularies/instantiationphysical-audio-vocabulary/#PCMVHS
79;https://gitlab.git.nrw/arkumu/arkumu-exchange-portal/-/wikis/controlled-vocabularies/information-storage-medium-types#information-storage-medium-type-79;DAT;;DAT;;73;Digitaler Tonträger > Magneto-digitaler Tonträger > DAT;Digital Audio Storage Medium > Magneto-digital Audio Storage Medium > DAT;Q597615;;;http://pbcore.org/pbcore-controlled-vocabularies/instantiationphysical-audio-vocabulary/#DAT
80;https://gitlab.git.nrw/arkumu/arkumu-exchange-portal/-/wikis/controlled-vocabularies/information-storage-medium-types#information-storage-medium-type-80;ADAT;Alesis Digital Audio Tape;ADAT;;73;Digitaler Tonträger > Magneto-digitaler Tonträger > ADAT;Digital Audio Storage Medium > Magneto-digital Audio Storage Medium > ADAT;Q959675;;;
81;https://gitlab.git.nrw/arkumu/arkumu-exchange-portal/-/wikis/controlled-vocabularies/information-storage-medium-types#information-storage-medium-type-81;DTRS;Digital Tape Recording System,DARS,DA-88;DTRS;;73;Digitaler Tonträger > Magneto-digitaler Tonträger > DTRS;Digital Audio Storage Medium > Magneto-digital Audio Storage Medium > DTRS;Q938907;;;http://pbcore.org/pbcore-controlled-vocabularies/instantiationphysical-audio-vocabulary/#DTRS
82;https://gitlab.git.nrw/arkumu/arkumu-exchange-portal/-/wikis/controlled-vocabularies/information-storage-medium-types#information-storage-medium-type-82;Digital Compact Cassette;DCC;Digital Compact Cassette;;73;Digitaler Tonträger > Magneto-digitaler Tonträger > Digital Compact Cassette;Digital Audio Storage Medium > Magneto-digital Audio Storage Medium > Digital Compact Cassette;Q598944;;;
83;https://gitlab.git.nrw/arkumu/arkumu-exchange-portal/-/wikis/controlled-vocabularies/information-storage-medium-types#information-storage-medium-type-83;NT cassette;;NT Cassette;NT-Kassette;73;Digitaler Tonträger > Magneto-digitaler Tonträger > NT Cassette;Digital Audio Storage Medium > Magneto-digital Audio Storage Medium > NT Cassette;Q1961581;;;
84;https://gitlab.git.nrw/arkumu/arkumu-exchange-portal/-/wikis/controlled-vocabularies/information-storage-medium-types#information-storage-medium-type-84;Opto-digital Audio Storage Medium;;Opto-digitaler Tonträger;;72;Digitaler Tonträger > Opto-digitaler Tonträger;Digital Audio Storage Medium > Opto-digital Audio Storage Medium;Q123120227;;;
85;https://gitlab.git.nrw/arkumu/arkumu-exchange-portal/-/wikis/controlled-vocabularies/information-storage-medium-types#information-storage-medium-type-85;Audio CD;Compact Disc Digital Audio;Audio-CD;;84;Digitaler Tonträger > Opto-digitaler Tonträger > Audio-CD;Digital Audio Storage Medium > Opto-digital Audio Storage Medium > Audio CD;Q1121020;4346365-4;;http://pbcore.org/pbcore-controlled-vocabularies/instantiationphysical-audio-vocabulary/#AudioCD
86;https://gitlab.git.nrw/arkumu/arkumu-exchange-portal/-/wikis/controlled-vocabularies/information-storage-medium-types#information-storage-medium-type-86;Compact LaserDisc;;Compact LaserDisc;;84;Digitaler Tonträger > Opto-digitaler Tonträger > Compact LaserDisc;Digital Audio Storage Medium > Opto-digital Audio Storage Medium > Compact LaserDisc;Q123120280;;;
87;https://gitlab.git.nrw/arkumu/arkumu-exchange-portal/-/wikis/controlled-vocabularies/information-storage-medium-types#information-storage-medium-type-87;Super Audio CD;SACD,Super Audio Compact Disc;Super Audio CD;;84;Digitaler Tonträger > Opto-digitaler Tonträger > Super Audio CD;Digital Audio Storage Medium > Opto-digital Audio Storage Medium > Super Audio CD;Q212960;;;http://pbcore.org/pbcore-controlled-vocabularies/instantiationphysical-audio-vocabulary/#SuperAudioCD
88;https://gitlab.git.nrw/arkumu/arkumu-exchange-portal/-/wikis/controlled-vocabularies/information-storage-medium-types#information-storage-medium-type-88;DVD-Audio;DVD-A;DVD-Audio;;84;Digitaler Tonträger > Opto-digitaler Tonträger > DVD-Audio;Digital Audio Storage Medium > Opto-digital Audio Storage Medium > DVD-Audio;Q117678;4585129-3;;
89;https://gitlab.git.nrw/arkumu/arkumu-exchange-portal/-/wikis/controlled-vocabularies/information-storage-medium-types#information-storage-medium-type-89;Blu-ray Audio Disc;Pure Audio Blu-ray,High Definition Audio Disc,HDAD,High Fidelity Pure Audio;Blu-ray Audio Disc;;84;Digitaler Tonträger > Opto-digitaler Tonträger > Blu-ray Audio Disc;Digital Audio Storage Medium > Opto-digital Audio Storage Medium > Blu-ray Audio Disc;Q17029503;1070506834;;
90;https://gitlab.git.nrw/arkumu/arkumu-exchange-portal/-/wikis/controlled-vocabularies/information-storage-medium-types#information-storage-medium-type-90;MiniDisc;MD;MiniDisc;;72;Digitaler Tonträger > MiniDisc;Digital Audio Storage Medium > MiniDisc;Q275079;4644982-6;;
91;https://gitlab.git.nrw/arkumu/arkumu-exchange-portal/-/wikis/controlled-vocabularies/information-storage-medium-types#information-storage-medium-type-91;Moving Image Film;Motion Picture Film,Movie Film,Cinematographic Film;Bewegtbild-Film;Kino-Filmmaterial;;Bewegtbild-Film;Moving Image Film;Q110968856;;;http://pbcore.org/pbcore-controlled-vocabularies/instantiationphysical-film-vocabulary/#Film
92;https://gitlab.git.nrw/arkumu/arkumu-exchange-portal/-/wikis/controlled-vocabularies/information-storage-medium-types#information-storage-medium-type-92;8 mm Positive Film;Normal 8,8 mm Film;8 mm Positivfilm;;91;Bewegtbild-Film > 8 mm Positivfilm;Moving Image Film > 8 mm Positive Film;Q270183;;;http://pbcore.org/pbcore-controlled-vocabularies/instantiationphysical-film-vocabulary/#8mmFilm
93;https://gitlab.git.nrw/arkumu/arkumu-exchange-portal/-/wikis/controlled-vocabularies/information-storage-medium-types#information-storage-medium-type-93;8 mm Negative Film;;8 mm Negativfilm;;91;Bewegtbild-Film > 8 mm Negativfilm;Moving Image Film > 8 mm Negative Film;Q270183;;;http://pbcore.org/pbcore-controlled-vocabularies/instantiationphysical-film-vocabulary/#8mmFilm
94;https://gitlab.git.nrw/arkumu/arkumu-exchange-portal/-/wikis/controlled-vocabularies/information-storage-medium-types#information-storage-medium-type-94;Super 8 mm Positive Film;Super 8 mm Film;Super 8 mm Positivfilm;;91;Bewegtbild-Film > Super 8 mm Positivfilm;Moving Image Film > Super 8 mm Positive Film;Q1412320;;300263860;http://pbcore.org/pbcore-controlled-vocabularies/instantiationphysical-film-vocabulary/#Super8mmFilm
95;https://gitlab.git.nrw/arkumu/arkumu-exchange-portal/-/wikis/controlled-vocabularies/information-storage-medium-types#information-storage-medium-type-95;9,5 mm Film;9.5 mm Film;9,5 mm Film;;91;Bewegtbild-Film > 9.5 mm Film;Moving Image Film > 9.5 mm Film;Q275007;;;http://pbcore.org/pbcore-controlled-vocabularies/instantiationphysical-film-vocabulary/#9andaHalfmmFilm
96;https://gitlab.git.nrw/arkumu/arkumu-exchange-portal/-/wikis/controlled-vocabularies/information-storage-medium-types#information-storage-medium-type-96;16 mm Positive Film;16 mm Film;16 mm Positivfilm;;91;Bewegtbild-Film > 16 mm Positivfilm;Moving Image Film > 16 mm Positive Film;Q194383;;;http://pbcore.org/pbcore-controlled-vocabularies/instantiationphysical-film-vocabulary/#16mmFilm
97;https://gitlab.git.nrw/arkumu/arkumu-exchange-portal/-/wikis/controlled-vocabularies/information-storage-medium-types#information-storage-medium-type-97;16 mm Negative Film;;16 mm Negativfilm;;91;Bewegtbild-Film > 16 mm Negativfilm;Moving Image Film > 16 mm Negative Film;Q194383;;;http://pbcore.org/pbcore-controlled-vocabularies/instantiationphysical-film-vocabulary/#16mmFilm
98;https://gitlab.git.nrw/arkumu/arkumu-exchange-portal/-/wikis/controlled-vocabularies/information-storage-medium-types#information-storage-medium-type-98;Super 16 mm Positive Film;Super 16 mm Film;Super 16 mm Positivfilm;;91;Bewegtbild-Film > Super 16 mm Positivfilm;Moving Image Film > Super 16 mm Positive Film;Q2713357;;;http://pbcore.org/pbcore-controlled-vocabularies/instantiationphysical-film-vocabulary/#Super16mmFilm
99;https://gitlab.git.nrw/arkumu/arkumu-exchange-portal/-/wikis/controlled-vocabularies/information-storage-medium-types#information-storage-medium-type-99;Super 16 mm Negative Film;;Super 16 mm Negativfilm;;91;Bewegtbild-Film > Super 16 mm Negativfilm;Moving Image Film > Super 16 mm Negative Film;Q2713357;;;http://pbcore.org/pbcore-controlled-vocabularies/instantiationphysical-film-vocabulary/#Super16mmFilm
100;https://gitlab.git.nrw/arkumu/arkumu-exchange-portal/-/wikis/controlled-vocabularies/information-storage-medium-types#information-storage-medium-type-100;22 mm Positive Film;22 mm Film;22 mm Positivfilm;;91;Bewegtbild-Film > 22 mm Positivfilm;Moving Image Film > 22 mm Positive Film;Q122811318;;;http://pbcore.org/pbcore-controlled-vocabularies/instantiationphysical-film-vocabulary/#22mmFilm
101;https://gitlab.git.nrw/arkumu/arkumu-exchange-portal/-/wikis/controlled-vocabularies/information-storage-medium-types#information-storage-medium-type-101;28 mm Positive Film;28 mm Film;28 mm Positivfilm;;91;Bewegtbild-Film > 28 mm Positivfilm;Moving Image Film > 28 mm Positive Film;Q122811337;;;http://pbcore.org/pbcore-controlled-vocabularies/instantiationphysical-film-vocabulary/#28mmFilm
102;https://gitlab.git.nrw/arkumu/arkumu-exchange-portal/-/wikis/controlled-vocabularies/information-storage-medium-types#information-storage-medium-type-102;35 mm Positive Film;35 mm Film;35 mm Positivfilm;;91;Bewegtbild-Film > 35 mm Positivfilm;Moving Image Film > 35 mm Positive Film;Q226528;;;http://pbcore.org/pbcore-controlled-vocabularies/instantiationphysical-film-vocabulary/#35mmFilm
103;https://gitlab.git.nrw/arkumu/arkumu-exchange-portal/-/wikis/controlled-vocabularies/information-storage-medium-types#information-storage-medium-type-103;35 mm Negative Film;;35 mm Negativfilm;;91;Bewegtbild-Film > 35 mm Negativfilm;Moving Image Film > 35 mm Negative Film;Q226528;;;http://pbcore.org/pbcore-controlled-vocabularies/instantiationphysical-film-vocabulary/#35mmFilm
104;https://gitlab.git.nrw/arkumu/arkumu-exchange-portal/-/wikis/controlled-vocabularies/information-storage-medium-types#information-storage-medium-type-104;70 mm Positive Film;70 mm Film;70 mm Positivfilm;;91;Bewegtbild-Film > 70 mm Positivfilm;Moving Image Film > 70 mm Positive Film;Q261242;;;http://pbcore.org/pbcore-controlled-vocabularies/instantiationphysical-film-vocabulary/#70mmFilm
105;https://gitlab.git.nrw/arkumu/arkumu-exchange-portal/-/wikis/controlled-vocabularies/information-storage-medium-types#information-storage-medium-type-105;70 mm Negative Film;;70 mm Negativfilm;;91;Bewegtbild-Film > 70 mm Negativfilm;Moving Image Film > 70 mm Negative Film;Q261242;;;http://pbcore.org/pbcore-controlled-vocabularies/instantiationphysical-film-vocabulary/#70mmFilm
106;https://gitlab.git.nrw/arkumu/arkumu-exchange-portal/-/wikis/controlled-vocabularies/information-storage-medium-types#information-storage-medium-type-106;Photographic Film;;Fotografischer Film;;;Fotografischer Film;Photographic Film;Q6293;;;
107;https://gitlab.git.nrw/arkumu/arkumu-exchange-portal/-/wikis/controlled-vocabularies/information-storage-medium-types#information-storage-medium-type-107;APS Film;;APS-Film;;106;Fotografischer Film > APS-Film;Photographic Film > APS Film;Q15781213;;;
108;https://gitlab.git.nrw/arkumu/arkumu-exchange-portal/-/wikis/controlled-vocabularies/information-storage-medium-types#information-storage-medium-type-108;35 mm Photo Film;135 Film,Small Format Film;Kleinbildfilm;;106;Fotografischer Film > Kleinbildfilm;Photographic Film > 35 mm Photo Film;Q1051557;;300263816;
109;https://gitlab.git.nrw/arkumu/arkumu-exchange-portal/-/wikis/controlled-vocabularies/information-storage-medium-types#information-storage-medium-type-109;35 mm Reversal Photographic Film;35 mm Slide Film;Diapositiv-Kleinbildfilm;Umkehr-Kleinbildfilm;108;Fotografischer Film > Kleinbildfilm > Diapositiv-Kleinbildfilm;Photographic Film > 35 mm Photo Film > 35 mm Reversal Photographic Film;Q166816;;;
110;https://gitlab.git.nrw/arkumu/arkumu-exchange-portal/-/wikis/controlled-vocabularies/information-storage-medium-types#information-storage-medium-type-110;35 mm Negative Photographic Film;;Negativ-Kleinbildfilm;;108;Fotografischer Film > Kleinbildfilm > Negativ-Kleinbildfilm;Photographic Film > 35 mm Photo Film > 35 mm Negative Photographic Film;Q595597;;;
111;https://gitlab.git.nrw/arkumu/arkumu-exchange-portal/-/wikis/controlled-vocabularies/information-storage-medium-types#information-storage-medium-type-111;35 mm Black-and-White Photographic Film;;Schwarzweiß-Kleinbildfilm;;108;Fotografischer Film > Kleinbildfilm > Schwarzweiß-Kleinbildfilm;Photographic Film > 35 mm Photo Film > 35 mm Black-and-White Photographic Film;Q2254548;;;
112;https://gitlab.git.nrw/arkumu/arkumu-exchange-portal/-/wikis/controlled-vocabularies/information-storage-medium-types#information-storage-medium-type-112;Medium Format;;Mittelformatfilm;;106;Fotografischer Film > Mittelformatfilm;Photographic Film > Medium Format;Q1146074;;;
113;https://gitlab.git.nrw/arkumu/arkumu-exchange-portal/-/wikis/controlled-vocabularies/information-storage-medium-types#information-storage-medium-type-113;Medium Format Reversal Film;;Diapositiv-Mittelformatfilm;;112;Fotografischer Film > Mittelformatfilm > Diapositiv-Mittelformatfilm;Photographic Film > Medium Format > Medium Format Reversal Film;Q166816;;;
114;https://gitlab.git.nrw/arkumu/arkumu-exchange-portal/-/wikis/controlled-vocabularies/information-storage-medium-types#information-storage-medium-type-114;Medium Format Negative Film;;Negativ-Mittelformatfilm;;112;Fotografischer Film > Mittelformatfilm > Negativ-Mittelformatfilm;Photographic Film > Medium Format > Medium Format Negative Film;Q595597;;;
115;https://gitlab.git.nrw/arkumu/arkumu-exchange-portal/-/wikis/controlled-vocabularies/information-storage-medium-types#information-storage-medium-type-115;Medium Format Black-and-White Film;;Schwarzweiß-Mittelformatfilm;;112;Fotografischer Film > Mittelformatfilm > Schwarzweiß-Mittelformatfilm;Photographic Film > Medium Format > Medium Format Black-and-White Film;Q2254548;;;
116;https://gitlab.git.nrw/arkumu/arkumu-exchange-portal/-/wikis/controlled-vocabularies/information-storage-medium-types#information-storage-medium-type-116;Large Format;Planfilm;Großformatfilm;;106;Fotografischer Film > Großformatfilm;Photographic Film > Large Format;Q1189460;;;
117;https://gitlab.git.nrw/arkumu/arkumu-exchange-portal/-/wikis/controlled-vocabularies/information-storage-medium-types#information-storage-medium-type-117;Microform;;Mikroform;;;Mikroform;Microform;Q830450;;;
118;https://gitlab.git.nrw/arkumu/arkumu-exchange-portal/-/wikis/controlled-vocabularies/information-storage-medium-types#information-storage-medium-type-118;Mikrofiche;Mikrofiche;Mikroplanfilm;Mikrofiche;117;Mikroform > Mikroplanfilm;Microform > Mikrofiche;Q2368076;;;
119;https://gitlab.git.nrw/arkumu/arkumu-exchange-portal/-/wikis/controlled-vocabularies/information-storage-medium-types#information-storage-medium-type-119;Microfilm;;Mikrofilm;;117;Mikroform > Mikrofilm;Microform > Microfilm;Q12498524;;;
120;https://gitlab.git.nrw/arkumu/arkumu-exchange-portal/-/wikis/controlled-vocabularies/information-storage-medium-types#information-storage-medium-type-120;Optical Storage Medium;;Optischer Datenträger;;120;Optischer Datenträger;Optical Storage Medium;Q2248059;;;
121;https://gitlab.git.nrw/arkumu/arkumu-exchange-portal/-/wikis/controlled-vocabularies/information-storage-medium-types#information-storage-medium-type-121;Data DVD;Data DVD+R,Data DVD+R DL,Data DVD-R,Data DVD-RW,Data DVD+RW;Daten-DVD;;120;Optischer Datenträger > Daten-DVD;Optical Storage Medium > Data DVD;Q5294;;;
122;https://gitlab.git.nrw/arkumu/arkumu-exchange-portal/-/wikis/controlled-vocabularies/information-storage-medium-types#information-storage-medium-type-122;Data Blu-ray;BD-R ,BD-RE;Daten-Blu-ray;Daten-BD;120;Optischer Datenträger > Daten-Blu-ray;Optical Storage Medium > Data Blu-ray;Q47770;;;
123;https://gitlab.git.nrw/arkumu/arkumu-exchange-portal/-/wikis/controlled-vocabularies/information-storage-medium-types#information-storage-medium-type-123;M-Disc;;M-Disc;;120;Optischer Datenträger > M-Disc;Optical Storage Medium > M-Disc;Q15727650;;;
124;https://gitlab.git.nrw/arkumu/arkumu-exchange-portal/-/wikis/controlled-vocabularies/information-storage-medium-types#information-storage-medium-type-124;Data CD;CD-R,CD+R,CD-RW;Daten-CD;;120;Optischer Datenträger > Daten-CD;Optical Storage Medium > Data CD;Q7982;;;
125;https://gitlab.git.nrw/arkumu/arkumu-exchange-portal/-/wikis/controlled-vocabularies/information-storage-medium-types#information-storage-medium-type-125;Magnetic Storage Medium;;Magnetischer Datenträger;;;Magnetischer Datenträger;Magnetic Storage Medium;Q1364527;;;
126;https://gitlab.git.nrw/arkumu/arkumu-exchange-portal/-/wikis/controlled-vocabularies/information-storage-medium-types#information-storage-medium-type-126;"3,5"" Floppy Disk";3.5 Inch Floppy Disk;"3,5"" Diskette";"3,5 Zoll Diskette";125;"Magnetischer Datenträger > 3,5"" Diskette";"Magnetic Storage Medium > 3,5"" Floppy Disk";Q37753524;;;
127;https://gitlab.git.nrw/arkumu/arkumu-exchange-portal/-/wikis/controlled-vocabularies/information-storage-medium-types#information-storage-medium-type-127;"5,25"" Floppy Disk";5.25 Inch Floppy Disk;"5,25"" Diskette";"5,25 Zoll Diskette";125;"Magnetischer Datenträger > 5,25"" Diskette";"Magnetic Storage Medium > 5,25"" Floppy Disk";Q55194959;;;
128;https://gitlab.git.nrw/arkumu/arkumu-exchange-portal/-/wikis/controlled-vocabularies/information-storage-medium-types#information-storage-medium-type-128;HD;HDD,Hard Disk;HD;Festplatte;125;Magnetischer Datenträger > HD;Magnetic Storage Medium > HD;Q4439;4192018-1;300266294;
129;https://gitlab.git.nrw/arkumu/arkumu-exchange-portal/-/wikis/controlled-vocabularies/information-storage-medium-types#information-storage-medium-type-129;Solid State Storage Medium;;Festkörper-Datenträger;;;Festkörper-Datenträger;Solid State Storage Medium;Q19280237;;;
130;https://gitlab.git.nrw/arkumu/arkumu-exchange-portal/-/wikis/controlled-vocabularies/information-storage-medium-types#information-storage-medium-type-130;SSD;Solid State Storage;SSD;Solid-State-Speicher;129;Festkörper-Datenträger > SSD;Solid State Storage Medium > SSD;Q487343;;;
131;https://gitlab.git.nrw/arkumu/arkumu-exchange-portal/-/wikis/controlled-vocabularies/information-storage-medium-types#information-storage-medium-type-131;USB Flash Drive;Thumb Drive,USB Thumb Drive,Flash Memory;USB-Stick;USB-Stick;129;Festkörper-Datenträger > USB-Stick;Solid State Storage Medium > USB Flash Drive;Q1647694;4770596-6;300404359;
132;https://gitlab.git.nrw/arkumu/arkumu-exchange-portal/-/wikis/controlled-vocabularies/information-storage-medium-types#information-storage-medium-type-132;Text Medium;Record;Schriftstück;Buch,Publikation,Akte,Brief,Notiz,Beleg,Formular,Urkunde,technische Zeichnung,Dokument;;Schriftstück;Text Medium;Q49848;4180009-6;;
133;https://gitlab.git.nrw/arkumu/arkumu-exchange-portal/-/wikis/controlled-vocabularies/information-storage-medium-types#information-storage-medium-type-133;Periodical;;Periodikum;;132;Schriftstück > Periodikum;Text Medium > Periodical;Q1002697;;300026657;
134;https://gitlab.git.nrw/arkumu/arkumu-exchange-portal/-/wikis/controlled-vocabularies/information-storage-medium-types#information-storage-medium-type-134;Monograph;;Monografie;;132;Schriftstück > Monografie;Text Medium > Monograph;Q193495;4454906-4;300060417;
135;https://gitlab.git.nrw/arkumu/arkumu-exchange-portal/-/wikis/controlled-vocabularies/information-storage-medium-types#information-storage-medium-type-135;Musical Notation;;Musiknotation;;132;Schriftstück > Musiknotation;Text Medium > Musical Notation;Q233861;;300417622;
