ID;URI;English Name;English Synonyms;German Name;German Synonyms;Parent Project Category;German Breadcrumb;English Breadcrumb;Wikidata ID;GND ID;AAT ID;filmportal.de Category ID 
1;https://gitlab.git.nrw/arkumu/arkumu-exchange-portal/-/wikis/controlled-vocabularies/project-categories#project-category-1;Academic Publication;Scientific Publication,Research Publication;Akademische Publikation;Wissenschaftliche Publikation;;Akademische Publikation;Academic Publication;Q591041;4066586-0;;
2;https://gitlab.git.nrw/arkumu/arkumu-exchange-portal/-/wikis/controlled-vocabularies/project-categories#project-category-2;Doctoral Thesis;Dissertation,PhD Thesis,Thesis;Dissertation;Thesis;1;Akademische Publikation > Dissertation;Academic Publication > Doctoral Thesis;Q187685;4012494-0;300312076;
3;https://gitlab.git.nrw/arkumu/arkumu-exchange-portal/-/wikis/controlled-vocabularies/project-categories#project-category-3;Podcast;;Podcast;;1;Akademische Publikation > Podcast;Academic Publication > Podcast;Q20899;7527248-9;300310137;
4;https://gitlab.git.nrw/arkumu/arkumu-exchange-portal/-/wikis/controlled-vocabularies/project-categories#project-category-4;Website;;Webseite;;1;Akademische Publikation > Webseite;Academic Publication > Website;Q35127;4596172-4;300265431;
5;https://gitlab.git.nrw/arkumu/arkumu-exchange-portal/-/wikis/controlled-vocabularies/project-categories#project-category-5;Applied Arts;;Angewandte Kunst;Gestaltung,Kunstgewerbe;;Angewandte Kunst;Applied Arts;Q207241;7593577-6;300054168;
6;https://gitlab.git.nrw/arkumu/arkumu-exchange-portal/-/wikis/controlled-vocabularies/project-categories#project-category-6;Architecture;;Architektur;;5;Angewandte Kunst > Architektur;Applied Arts > Architecture;Q12271;4002851-3;300054156;
7;https://gitlab.git.nrw/arkumu/arkumu-exchange-portal/-/wikis/controlled-vocabularies/project-categories#project-category-7;Design;;Design;;5;Angewandte Kunst > Design;Applied Arts > Design;Q82604;4011510-0;300054171;
8;https://gitlab.git.nrw/arkumu/arkumu-exchange-portal/-/wikis/controlled-vocabularies/project-categories#project-category-8;Game Design;Gamedesign;Game Design;;7;Angewandte Kunst > Design > Game Design;Applied Arts > Design > Game Design;Q858057;;;
9;https://gitlab.git.nrw/arkumu/arkumu-exchange-portal/-/wikis/controlled-vocabularies/project-categories#project-category-9;Industrial Design;Product Design;Industrial Design;Produktdesign;7;Angewandte Kunst > Design > Industrial Design;Applied Arts > Design > Industrial Design;Q243606;4072788-9;300054183;
10;https://gitlab.git.nrw/arkumu/arkumu-exchange-portal/-/wikis/controlled-vocabularies/project-categories#project-category-10;Interior Design;;Innenarchitektur;Mediale Raumgestaltung,Raumgestaltung;7;Angewandte Kunst > Design > Innenarchitektur;Applied Arts > Design > Interior Design;Q179232;4072819-5;300054184;
11;https://gitlab.git.nrw/arkumu/arkumu-exchange-portal/-/wikis/controlled-vocabularies/project-categories#project-category-11;Graphic Design;Communication Design;Kommunikationsdesign;Grafikdesign;7;Angewandte Kunst > Design > Kommunikationsdesign;Applied Arts > Design > Graphic Design;Q185925;4304892-4;300054181;
12;https://gitlab.git.nrw/arkumu/arkumu-exchange-portal/-/wikis/controlled-vocabularies/project-categories#project-category-12;Media Design;;Mediengestaltung;Mediendesign;7;Angewandte Kunst > Design > Mediengestaltung;Applied Arts > Design > Media Design;Q1916365;4823394-8;;
13;https://gitlab.git.nrw/arkumu/arkumu-exchange-portal/-/wikis/controlled-vocabularies/project-categories#project-category-13;Fashion Design;;Modedesign;;7;Angewandte Kunst > Design > Modedesign;Applied Arts > Design > Fashion Design;Q29583;7510814-8;300138708;
14;https://gitlab.git.nrw/arkumu/arkumu-exchange-portal/-/wikis/controlled-vocabularies/project-categories#project-category-14;Sound Design;;Sound-Design;Tongestaltung;7;Angewandte Kunst > Design > Sound-Design;Applied Arts > Design > Sound Design;Q1937950;7693207-2;;
15;https://gitlab.git.nrw/arkumu/arkumu-exchange-portal/-/wikis/controlled-vocabularies/project-categories#project-category-15;Textile Design;;Textildesign;;7;Angewandte Kunst > Design > Textildesign;Applied Arts > Design > Textile Design;Q763631;7506104-1;300435243;
16;https://gitlab.git.nrw/arkumu/arkumu-exchange-portal/-/wikis/controlled-vocabularies/project-categories#project-category-16;Transformation Design;;Transformation Design;;7;Angewandte Kunst > Design > Transformation Design;Applied Arts > Design > Transformation Design;Q7834086;;;
17;https://gitlab.git.nrw/arkumu/arkumu-exchange-portal/-/wikis/controlled-vocabularies/project-categories#project-category-17;User Interface Design;UI Design;User Interface Design;UI-Design;7;Angewandte Kunst > Design > User Interface Design;Applied Arts > Design > User Interface Design;Q135707;;;
18;https://gitlab.git.nrw/arkumu/arkumu-exchange-portal/-/wikis/controlled-vocabularies/project-categories#project-category-18;Photography;;Fotografie;;5;Angewandte Kunst > Fotografie;Applied Arts > Photography;Q11633;4045895-7;300389795;
19;https://gitlab.git.nrw/arkumu/arkumu-exchange-portal/-/wikis/controlled-vocabularies/project-categories#project-category-19;Architectural Photography;;Architekturfotografie;;18;Angewandte Kunst > Fotografie > Architekturfotografie;Applied Arts > Photography > Architectural Photography;Q635309;4002855-0;300435151;
20;https://gitlab.git.nrw/arkumu/arkumu-exchange-portal/-/wikis/controlled-vocabularies/project-categories#project-category-20;Documentary Photography;;Dokumentarfotografie;;18;Angewandte Kunst > Fotografie > Dokumentarfotografie;Applied Arts > Photography > Documentary Photography;Q615498;4142019-6;300134547;
21;https://gitlab.git.nrw/arkumu/arkumu-exchange-portal/-/wikis/controlled-vocabularies/project-categories#project-category-21;Photogrammetry;;Fotogrammetrie;;18;Angewandte Kunst > Fotografie > Fotogrammetrie;Applied Arts > Photography > Photogrammetry;Q190149;4045892-1;300053580;
22;https://gitlab.git.nrw/arkumu/arkumu-exchange-portal/-/wikis/controlled-vocabularies/project-categories#project-category-22;Photojournalism;;Fotojournalismus;Bildjournalismus,Bildpublizistik,Bildberichterstattung;18;Angewandte Kunst > Fotografie > Fotojournalismus;Applied Arts > Photography > Photojournalism;Q506858;4212482-7;300054229;
23;https://gitlab.git.nrw/arkumu/arkumu-exchange-portal/-/wikis/controlled-vocabularies/project-categories#project-category-23;Staged Photography;;Inszenierte Fotografie;;18;Angewandte Kunst > Fotografie > Inszenierte Fotografie;Applied Arts > Photography > Staged Photography;Q1665341;4371232-0;;
24;https://gitlab.git.nrw/arkumu/arkumu-exchange-portal/-/wikis/controlled-vocabularies/project-categories#project-category-24;Landscape Photography;;Landschaftsfotografie;;18;Angewandte Kunst > Fotografie > Landschaftsfotografie;Applied Arts > Photography > Landscape Photography;Q1353984;4132170-4;;
25;https://gitlab.git.nrw/arkumu/arkumu-exchange-portal/-/wikis/controlled-vocabularies/project-categories#project-category-25;Fashion Photography;;Modefotografie;;18;Angewandte Kunst > Fotografie > Modefotografie;Applied Arts > Photography > Fashion Photography;Q1146354;4137739-4;300135798;
26;https://gitlab.git.nrw/arkumu/arkumu-exchange-portal/-/wikis/controlled-vocabularies/project-categories#project-category-26;Portrait Photography;;Porträtfotografie;;18;Angewandte Kunst > Fotografie > Porträtfotografie;Applied Arts > Photography > Portrait Photography;Q182956;4046840-9;300451604;
27;https://gitlab.git.nrw/arkumu/arkumu-exchange-portal/-/wikis/controlled-vocabularies/project-categories#project-category-27;Product Photography;;Produktfotografie;Sachfotografie;18;Angewandte Kunst > Fotografie > Produktfotografie;Applied Arts > Photography > Product Photography;Q2111747;4406085-3;;
28;https://gitlab.git.nrw/arkumu/arkumu-exchange-portal/-/wikis/controlled-vocabularies/project-categories#project-category-28;Theatrical Photography;;Theaterfotografie;;18;Angewandte Kunst > Fotografie > Theaterfotografie;Applied Arts > Photography > Theatrical Photography;Q612277;4199272-6;;
29;https://gitlab.git.nrw/arkumu/arkumu-exchange-portal/-/wikis/controlled-vocabularies/project-categories#project-category-29;Advertising Photography;;Werbefotografie;;18;Angewandte Kunst > Fotografie > Werbefotografie;Applied Arts > Photography > Advertising Photography;Q1657850;4317809-1;300412093;
30;https://gitlab.git.nrw/arkumu/arkumu-exchange-portal/-/wikis/controlled-vocabularies/project-categories#project-category-30;Ceramic;Pottery;Keramik;;5;Angewandte Kunst > Keramik;Applied Arts > Ceramic;Q45621;4030270-2;300010666;
31;https://gitlab.git.nrw/arkumu/arkumu-exchange-portal/-/wikis/controlled-vocabularies/project-categories#project-category-31;Performing Arts;Live Arts;Darstellende Kunst;;;Darstellende Kunst;Performing Arts;Q184485;4129566-3;300054140;
32;https://gitlab.git.nrw/arkumu/arkumu-exchange-portal/-/wikis/controlled-vocabularies/project-categories#project-category-32;Theatre;;Theater;;31;Darstellende Kunst > Theater;Performing Arts > Theatre;Q11635;4059702-7;300417582;
33;https://gitlab.git.nrw/arkumu/arkumu-exchange-portal/-/wikis/controlled-vocabularies/project-categories#project-category-33;Theatre of the Absurd;;Absurdes Theater;Antitheater,Absurdes Drama;32;Darstellende Kunst > Theater > Absurdes Theater;Performing Arts > Theatre > Theatre of the Absurd;Q191760;4141169-9;;
34;https://gitlab.git.nrw/arkumu/arkumu-exchange-portal/-/wikis/controlled-vocabularies/project-categories#project-category-34;Alternative Theater;Fringe;Alternatives Theater;;32;Darstellende Kunst > Theater > Alternatives Theater;Performing Arts > Theatre > Alternative Theater;Q1464930;4454844-8;;
35;https://gitlab.git.nrw/arkumu/arkumu-exchange-portal/-/wikis/controlled-vocabularies/project-categories#project-category-35;Applied Theatre;Applied Drama,Applied Performance;Angewandtes Theater;;32;Darstellende Kunst > Theater > Angewandtes Theater;Performing Arts > Theatre > Applied Theatre;Q4781537;1077445415;;
36;https://gitlab.git.nrw/arkumu/arkumu-exchange-portal/-/wikis/controlled-vocabularies/project-categories#project-category-36;Epic Theatre;;Episches Theater;;32;Darstellende Kunst > Theater > Episches Theater;Performing Arts > Theatre > Epic Theatre;Q722600;4015051-3;;
37;https://gitlab.git.nrw/arkumu/arkumu-exchange-portal/-/wikis/controlled-vocabularies/project-categories#project-category-37;Experimental Theatre;;Experimentelles Theater;;32;Darstellende Kunst > Theater > Experimentelles Theater;Performing Arts > Theatre > Experimental Theatre;Q3096995;4124890-9;;
38;https://gitlab.git.nrw/arkumu/arkumu-exchange-portal/-/wikis/controlled-vocabularies/project-categories#project-category-38;Digital Theatre;;Digital Theatre;;32;Darstellende Kunst > Theater > Digital Theatre;Performing Arts > Theatre > Digital Theatre;Q5276198;;;
39;https://gitlab.git.nrw/arkumu/arkumu-exchange-portal/-/wikis/controlled-vocabularies/project-categories#project-category-39;Documentary Theatre;;Dokumentarisches Theater;Dokumentartheater,Dokumentarspiel;32;Darstellende Kunst > Theater > Dokumentarisches Theater;Performing Arts > Theatre > Documentary Theatre;Q634138;4139054-4;;
40;https://gitlab.git.nrw/arkumu/arkumu-exchange-portal/-/wikis/controlled-vocabularies/project-categories#project-category-40;Puppetry Arts;;Figurentheater;Puppentheater, Puppenspiel;32;Darstellende Kunst > Theater > Figurentheater;Performing Arts > Theatre > Puppetry Arts;Q588750;4247240-4;;
41;https://gitlab.git.nrw/arkumu/arkumu-exchange-portal/-/wikis/controlled-vocabularies/project-categories#project-category-41;Open-Air Theatre;;Freilichttheater;;32;Darstellende Kunst > Theater > Freilichttheater;Performing Arts > Theatre > Open-Air Theatre;Q11183017;;;
42;https://gitlab.git.nrw/arkumu/arkumu-exchange-portal/-/wikis/controlled-vocabularies/project-categories#project-category-42;Improvisational Theatre;;Improvisationstheater;;32;Darstellende Kunst > Theater > Improvisationstheater;Performing Arts > Theatre > Improvisational Theatre;Q1140700;;;
43;https://gitlab.git.nrw/arkumu/arkumu-exchange-portal/-/wikis/controlled-vocabularies/project-categories#project-category-43;Interactive Theatre;;Interaktives Theater;;32;Darstellende Kunst > Theater > Interaktives Theater;Performing Arts > Theatre > Interactive Theatre;Q6045421;;;
44;https://gitlab.git.nrw/arkumu/arkumu-exchange-portal/-/wikis/controlled-vocabularies/project-categories#project-category-44;Youth Theatre;;Jugendtheater;;32;Darstellende Kunst > Theater > Jugendtheater;Performing Arts > Theatre > Youth Theatre;Q2416110;4162874-3;;
45;https://gitlab.git.nrw/arkumu/arkumu-exchange-portal/-/wikis/controlled-vocabularies/project-categories#project-category-45;Children's Theatre;;Kindertheater;;32;Darstellende Kunst > Theater > Kindertheater;Performing Arts > Theatre > Children's Theatre;Q2416110;4125349-8;;
46;https://gitlab.git.nrw/arkumu/arkumu-exchange-portal/-/wikis/controlled-vocabularies/project-categories#project-category-46;Meta-Theatre;;Metatheater;Metadrama;32;Darstellende Kunst > Theater > Metatheater;Performing Arts > Theatre > Meta-Theatre;Q16854678;4169655-4;;
47;https://gitlab.git.nrw/arkumu/arkumu-exchange-portal/-/wikis/controlled-vocabularies/project-categories#project-category-47;Musical Theatre;;Musiktheater;;32;Darstellende Kunst > Theater > Musiktheater;Performing Arts > Theatre > Musical Theatre;Q1370345;4040874-7;;
48;https://gitlab.git.nrw/arkumu/arkumu-exchange-portal/-/wikis/controlled-vocabularies/project-categories#project-category-48;Physical Theatre;;Physical Theatre;;32;Darstellende Kunst > Theater > Physical Theatre;Performing Arts > Theatre > Physical Theatre;Q3179173;;;
49;https://gitlab.git.nrw/arkumu/arkumu-exchange-portal/-/wikis/controlled-vocabularies/project-categories#project-category-49;Political Theatre;;Politisches Theater;;32;Darstellende Kunst > Theater > Politisches Theater;Performing Arts > Theatre > Political Theatre;Q442725;4046587-1;;
50;https://gitlab.git.nrw/arkumu/arkumu-exchange-portal/-/wikis/controlled-vocabularies/project-categories#project-category-50;Postdramatic Theatre;;Postdramatisches Theater;;32;Darstellende Kunst > Theater > Postdramatisches Theater;Performing Arts > Theatre > Postdramatic Theatre;Q2106021;7686613-0;;
51;https://gitlab.git.nrw/arkumu/arkumu-exchange-portal/-/wikis/controlled-vocabularies/project-categories#project-category-51;Postmodern Theatre;;Postmodernes Theater;;32;Darstellende Kunst > Theater > Postmodernes Theater;Performing Arts > Theatre > Postmodern Theatre;Q7234386;;;
52;https://gitlab.git.nrw/arkumu/arkumu-exchange-portal/-/wikis/controlled-vocabularies/project-categories#project-category-52;Street Theatre;;Straßentheater;;32;Darstellende Kunst > Theater > Straßentheater;Performing Arts > Theatre > Street Theatre;Q2140453;4057922-0;300379205;
53;https://gitlab.git.nrw/arkumu/arkumu-exchange-portal/-/wikis/controlled-vocabularies/project-categories#project-category-53;Spoken Drama;Drama,Common Theatre;Sprechtheater;Schauspiel,Drama;32;Darstellende Kunst > Theater > Sprechtheater;Performing Arts > Theatre > Spoken Drama;Q39892385;4182552-4;;
54;https://gitlab.git.nrw/arkumu/arkumu-exchange-portal/-/wikis/controlled-vocabularies/project-categories#project-category-54;Dance Theatre;;Tanztheater;;32;Darstellende Kunst > Theater > Tanztheater;Performing Arts > Theatre > Dance Theatre;Q1425858;4184451-8;;
55;https://gitlab.git.nrw/arkumu/arkumu-exchange-portal/-/wikis/controlled-vocabularies/project-categories#project-category-55;Film/TV;;Film/TV;Film/Fernsehen;;Film/TV;Film/TV;Q11424;4017102-4;300136900;
56;https://gitlab.git.nrw/arkumu/arkumu-exchange-portal/-/wikis/controlled-vocabularies/project-categories#project-category-56;Animated Film;Animation;Animationsfilm;Animation;55;Film/TV > Animationsfilm;Film/TV > Animated Film;Q202866;4142484-0;300411663;c00006
57;https://gitlab.git.nrw/arkumu/arkumu-exchange-portal/-/wikis/controlled-vocabularies/project-categories#project-category-57;Docudrama;;Dokudrama;;55;Film/TV > Dokudrama;Film/TV > Docudrama;Q622370;;;c00050
58;https://gitlab.git.nrw/arkumu/arkumu-exchange-portal/-/wikis/controlled-vocabularies/project-categories#project-category-58;Documentary Film;;Dokumentarfilm;;55;Film/TV > Dokumentarfilm;Film/TV > Documentary Film;Q93204;4012653-5;300375156;c00007
59;https://gitlab.git.nrw/arkumu/arkumu-exchange-portal/-/wikis/controlled-vocabularies/project-categories#project-category-59;Short Documentary Film;;Kurz-Dokumentarfilm;;58;Film/TV > Dokumentarfilm > Kurz-Dokumentarfilm;Film/TV > Documentary Film > Short Documentary Film;Q121742706;;;c00019
60;https://gitlab.git.nrw/arkumu/arkumu-exchange-portal/-/wikis/controlled-vocabularies/project-categories#project-category-60;Screenplay;Film Script;Drehbuch;;55;Film/TV > Drehbuch;Film/TV > Screenplay;Q103076;4127976-1;300026491;
61;https://gitlab.git.nrw/arkumu/arkumu-exchange-portal/-/wikis/controlled-vocabularies/project-categories#project-category-61;Episode;;Episode;Folge;55;Film/TV > Episode;Film/TV > Episode;Q1983062;4113453-9;;
62;https://gitlab.git.nrw/arkumu/arkumu-exchange-portal/-/wikis/controlled-vocabularies/project-categories#project-category-62;Anthology Film;;Episodenfilm;Anthologie;55;Film/TV > Episodenfilm;Film/TV > Anthology Film;Q336144;4248221-5;;
63;https://gitlab.git.nrw/arkumu/arkumu-exchange-portal/-/wikis/controlled-vocabularies/project-categories#project-category-63;Essay Film;;Essay-Film;Film-Essay;55;Film/TV > Essay-Film;Film/TV > Essay Film;Q11356864;4279316-6;;
64;https://gitlab.git.nrw/arkumu/arkumu-exchange-portal/-/wikis/controlled-vocabularies/project-categories#project-category-64;Expanded Cinema;;Expanded Cinema;;55;Film/TV > Expanded Cinema;Film/TV > Expanded Cinema;Q117104066;1168277388;;
65;https://gitlab.git.nrw/arkumu/arkumu-exchange-portal/-/wikis/controlled-vocabularies/project-categories#project-category-65;Experimental Film;;Experimentalfilm;;55;Film/TV > Experimentalfilm;Film/TV > Experimental Film;Q790192;4153359-8;300263845;c00011
66;https://gitlab.git.nrw/arkumu/arkumu-exchange-portal/-/wikis/controlled-vocabularies/project-categories#project-category-66;Compilation Film;;Kompilationsfilm;Archivfilm,Chronikfilm;55;Film/TV > Kompilationsfilm;Film/TV > Compilation Film;Q455315;;300263842;c00013
67;https://gitlab.git.nrw/arkumu/arkumu-exchange-portal/-/wikis/controlled-vocabularies/project-categories#project-category-67;Mockumentary;;Mockumentary;;55;Film/TV > Mockumentary;Film/TV > Mockumentary;Q459435;7738916-5;;
68;https://gitlab.git.nrw/arkumu/arkumu-exchange-portal/-/wikis/controlled-vocabularies/project-categories#project-category-68;Musical Film;;Musikfilm;;55;Film/TV > Musikfilm;Film/TV > Musical Film;Q842256;4170822-2;;
69;https://gitlab.git.nrw/arkumu/arkumu-exchange-portal/-/wikis/controlled-vocabularies/project-categories#project-category-69;Music Video;;Musikvideo;;55;Film/TV > Musikvideo;Film/TV > Music Video;Q193977;4492539-6;;c00017
70;https://gitlab.git.nrw/arkumu/arkumu-exchange-portal/-/wikis/controlled-vocabularies/project-categories#project-category-70;Reportage;;Reportage;;55;Film/TV > Reportage;Film/TV > Reportage;Q124922;4049528-0;;
71;https://gitlab.git.nrw/arkumu/arkumu-exchange-portal/-/wikis/controlled-vocabularies/project-categories#project-category-71;Soundtrack;;Soundtrack;;55;Film/TV > Soundtrack;Film/TV > Soundtrack;Q217199;4017129-2;300263865;
72;https://gitlab.git.nrw/arkumu/arkumu-exchange-portal/-/wikis/controlled-vocabularies/project-categories#project-category-72;Feature Film;Movie,Fiction Film;Spielfilm;Szenischer Film,Fiktionaler Film,Kinospielfilm;55;Film/TV > Spielfilm;Film/TV > Feature Film;Q12912091;1286825091;300263847;c00003
73;https://gitlab.git.nrw/arkumu/arkumu-exchange-portal/-/wikis/controlled-vocabularies/project-categories#project-category-73;Short Film;;Kurzspielfilm;Kurzfilm;72;Film/TV > Spielfilm > Kurzspielfilm;Film/TV > Feature Film > Short Film;Q24862;4166233-7;300263846;
74;https://gitlab.git.nrw/arkumu/arkumu-exchange-portal/-/wikis/controlled-vocabularies/project-categories#project-category-74;Film Trailer;;Trailer für Film;Kinotrailer,Filmtrailer;55;Film/TV > Trailer für Film;Film/TV > Film Trailer;Q622550;4349797-4;300263866;c00005
75;https://gitlab.git.nrw/arkumu/arkumu-exchange-portal/-/wikis/controlled-vocabularies/project-categories#project-category-75;Television Programme;TV Program,TV Show,Television Program;TV-Format;Fernsehsendung,TV-Sendung,Fernsehprogramm,TV-Programm;55;Film/TV > TV-Format;Film/TV > Television Program;Q15416;4016842-6;300263432;
76;https://gitlab.git.nrw/arkumu/arkumu-exchange-portal/-/wikis/controlled-vocabularies/project-categories#project-category-76;Web Series;VLOG,Video Blog,Serial;Webserie;Serielles Format;55;Film/TV > Webserie;Film/TV > Web Series;Q526877;1224905261;;
77;https://gitlab.git.nrw/arkumu/arkumu-exchange-portal/-/wikis/controlled-vocabularies/project-categories#project-category-77;Commercial;Audio-Visual Advertisement,Advertising Film,Advertisement,Promotional Video;Werbespot;Werbefilm;55;Film/TV > Werbespot;Film/TV > Commercial;Q1869909;4197734-8;;c00002
78;https://gitlab.git.nrw/arkumu/arkumu-exchange-portal/-/wikis/controlled-vocabularies/project-categories#project-category-78;Art;Fine Art,Visual Art;Kunst;Medienkunst,Bildende Kunst;;Kunst;Art;Q838948;4114333-4;300179869;
79;https://gitlab.git.nrw/arkumu/arkumu-exchange-portal/-/wikis/controlled-vocabularies/project-categories#project-category-79;Bio Art;;Bio Art;;78;Kunst > Bio Art;Art > Bio Art;Q2561815;1151401021;300443553;
80;https://gitlab.git.nrw/arkumu/arkumu-exchange-portal/-/wikis/controlled-vocabularies/project-categories#project-category-80;Digital Art;;Digitale Kunst;Computerbasierte Kunst, Computerkunst;78;Kunst > Digitale Kunst;Art > Digital Art;Q860372;4010453-9;300069478;
81;https://gitlab.git.nrw/arkumu/arkumu-exchange-portal/-/wikis/controlled-vocabularies/project-categories#project-category-81;Augmented Reality;AR;Augmented Reality;Erweiterte Realität;80;Kunst > Digitale Kunst > Augmented Reality;Art > Digital Art > Augmented Reality;Q254183;4715802-5;300387555;
82;https://gitlab.git.nrw/arkumu/arkumu-exchange-portal/-/wikis/controlled-vocabularies/project-categories#project-category-82;CD-ROM;;CD-ROM;;80;Kunst > Digitale Kunst > CD-ROM;Art > Digital Art > CD-ROM;Q7982;4139307-7;300196583;
83;https://gitlab.git.nrw/arkumu/arkumu-exchange-portal/-/wikis/controlled-vocabularies/project-categories#project-category-83;Computer Generated Imagery;CGI,Computer Graphics;Computer Generated Imagery;Computergrafik;80;Kunst > Digitale Kunst > Computer Generated Imagery;Art > Digital Art > Computer Generated Imagery;Q6002306;4197506-6;300266307;
84;https://gitlab.git.nrw/arkumu/arkumu-exchange-portal/-/wikis/controlled-vocabularies/project-categories#project-category-84;Computer Animation;;Computeranimation;;80;Kunst > Digitale Kunst > Computeranimation;Art > Digital Art > Computer Animation;Q1401416;4199710-4;300053161;
85;https://gitlab.git.nrw/arkumu/arkumu-exchange-portal/-/wikis/controlled-vocabularies/project-categories#project-category-85;Computer Game;Game,Video Game,Serious Game;Computerspiel;Videospiel;80;Kunst > Digitale Kunst > Computerspiel;Art > Digital Art > Computer Game;Q7889;4010457-6;300256888;
86;https://gitlab.git.nrw/arkumu/arkumu-exchange-portal/-/wikis/controlled-vocabularies/project-categories#project-category-86;Generative Art;;Generative Kunst;;80;Kunst > Digitale Kunst > Generative Kunst;Art > Digital Art > Generative Art;Q1502032;;300266042;
87;https://gitlab.git.nrw/arkumu/arkumu-exchange-portal/-/wikis/controlled-vocabularies/project-categories#project-category-87;Interactive Art;;Interaktive Kunst;;80;Kunst > Digitale Kunst > Interaktive Kunst;Art > Digital Art > Interactive Art;Q2394336;4557518-6;300266754;
88;https://gitlab.git.nrw/arkumu/arkumu-exchange-portal/-/wikis/controlled-vocabularies/project-categories#project-category-88;Net Art;NetArt,Internet Art;Netzkunst;Netzprojekt;80;Kunst > Digitale Kunst > Netzkunst;Art > Digital Art > Net Art;Q1569950;4571611-0;300419940;
89;https://gitlab.git.nrw/arkumu/arkumu-exchange-portal/-/wikis/controlled-vocabularies/project-categories#project-category-89;Software;;Software;Softwarekunst;80;Kunst > Digitale Kunst > Software;Art > Digital Art > Software;Q2864686;;;
90;https://gitlab.git.nrw/arkumu/arkumu-exchange-portal/-/wikis/controlled-vocabularies/project-categories#project-category-90;User Interface;UI,Interface;User Interface;Benutzerschnittstelle,Mensch-Maschine-Schnittstelle;80;Kunst > Digitale Kunst > User Interface;Art > Digital Art > User Interface;Q47146;4720440-0;;
91;https://gitlab.git.nrw/arkumu/arkumu-exchange-portal/-/wikis/controlled-vocabularies/project-categories#project-category-91;Virtual Reality;VR;Virtual Reality;Virtuelle Realität;80;Kunst > Digitale Kunst > Virtual Reality;Art > Digital Art > Virtual Reality;Q170519;4399931-1;300238469;
92;https://gitlab.git.nrw/arkumu/arkumu-exchange-portal/-/wikis/controlled-vocabularies/project-categories#project-category-92;Web Series;VLOG,Video Blog,Serial;Webserie;Serielles Format;80;Kunst > Digitale Kunst > Webserie;Art > Digital Art > Web Series;Q526877;1224905261;;
93;https://gitlab.git.nrw/arkumu/arkumu-exchange-portal/-/wikis/controlled-vocabularies/project-categories#project-category-93;Installation;Environment;Installation;Rauminstallation,Raumkonzept;78;Kunst > Installation;Art > Installation;Q20437094;4131808-0;300047896;
94;https://gitlab.git.nrw/arkumu/arkumu-exchange-portal/-/wikis/controlled-vocabularies/project-categories#project-category-94;Photo Installation;;Fotoinstallation;;93;Kunst > Installation > Fotoinstallation;Art > Installation > Photo Installation;Q117021891;4395048-6;;
95;https://gitlab.git.nrw/arkumu/arkumu-exchange-portal/-/wikis/controlled-vocabularies/project-categories#project-category-95;Interactive Art;;Interaktive Kunst;;93;Kunst > Installation > Interaktive Kunst;Art > Installation > Interactive Art;Q2394336;4557518-6;300266754;
96;https://gitlab.git.nrw/arkumu/arkumu-exchange-portal/-/wikis/controlled-vocabularies/project-categories#project-category-96;Intervention;;Intervention;;93;Kunst > Installation > Intervention;Art > Installation > Intervention;Q3937287;;300266371;
97;https://gitlab.git.nrw/arkumu/arkumu-exchange-portal/-/wikis/controlled-vocabularies/project-categories#project-category-97;Sound Installation;;Klanginstallation;;93;Kunst > Installation > Klanginstallation;Art > Installation > Sound Installation;Q2633362;;300387585;
98;https://gitlab.git.nrw/arkumu/arkumu-exchange-portal/-/wikis/controlled-vocabularies/project-categories#project-category-98;Percent for Art;;Kunst am Bau;;93;Kunst > Installation > Kunst am Bau;Art > Installation > Percent for Art;Q1726794;4114334-6;;
99;https://gitlab.git.nrw/arkumu/arkumu-exchange-portal/-/wikis/controlled-vocabularies/project-categories#project-category-99;Public Art;;Kunst im öffentlichen Raum;;93;Kunst > Installation > Kunst im öffentlichen Raum;Art > Installation > Public Art;Q557141;1024012069;300056501;
100;https://gitlab.git.nrw/arkumu/arkumu-exchange-portal/-/wikis/controlled-vocabularies/project-categories#project-category-100;Light Installation;;Lichtinstallation;;93;Kunst > Installation > Lichtinstallation;Art > Installation > Light Installation;Q1823448;4614008-6;;
101;https://gitlab.git.nrw/arkumu/arkumu-exchange-portal/-/wikis/controlled-vocabularies/project-categories#project-category-101;Video Installation;;Videoinstallation;;93;Kunst > Installation > Videoinstallation;Art > Installation > Video Installation;Q550484;4347940-6;;
102;https://gitlab.git.nrw/arkumu/arkumu-exchange-portal/-/wikis/controlled-vocabularies/project-categories#project-category-102;Sound Art;;Klangkunst;Klang;78;Kunst > Klangkunst;Art > Sound Art;Q1744327;4430771-8;300387583;
103;https://gitlab.git.nrw/arkumu/arkumu-exchange-portal/-/wikis/controlled-vocabularies/project-categories#project-category-103;Album;;Album;;102;Kunst > Klangkunst > Album;Art > Sound Art > Album;Q482994;1077267533;;
104;https://gitlab.git.nrw/arkumu/arkumu-exchange-portal/-/wikis/controlled-vocabularies/project-categories#project-category-104;Field Recording;Live Sound Recording;Field Recording;Feldaufnahme;102;Kunst > Klangkunst > Field Recording;Art > Sound Art > Field Recording;Q360982;1030305420;300265794;
105;https://gitlab.git.nrw/arkumu/arkumu-exchange-portal/-/wikis/controlled-vocabularies/project-categories#project-category-105;Listening Piece;;Hörstück;;102;Kunst > Klangkunst > Hörstück;Art > Sound Art > Listening Piece;Q121788275;1028557604;;
106;https://gitlab.git.nrw/arkumu/arkumu-exchange-portal/-/wikis/controlled-vocabularies/project-categories#project-category-106;Sound Installation;;Klanginstallation;;102;Kunst > Klangkunst > Klanginstallation;Art > Sound Art > Sound Installation;Q2633362;;300387585;
107;https://gitlab.git.nrw/arkumu/arkumu-exchange-portal/-/wikis/controlled-vocabularies/project-categories#project-category-107;Sound Sculpture;;Klangobjekt;Akustische Skulptur;102;Kunst > Klangkunst > Klangobjekt;Art > Sound Art > Sound Sculpture;Q2236597;4364747-9;300047267;
108;https://gitlab.git.nrw/arkumu/arkumu-exchange-portal/-/wikis/controlled-vocabularies/project-categories#project-category-108;Composition;;Komposition;;102;Kunst > Klangkunst > Komposition;Art > Sound Art > Composition;Q207628;4133320-2;;
109;https://gitlab.git.nrw/arkumu/arkumu-exchange-portal/-/wikis/controlled-vocabularies/project-categories#project-category-109;Concert;;Konzert;;102;Kunst > Klangkunst > Konzert;Art > Sound Art > Concert;Q182832;4317474-7;300069210;
110;https://gitlab.git.nrw/arkumu/arkumu-exchange-portal/-/wikis/controlled-vocabularies/project-categories#project-category-110;Soundtrack;;Soundtrack;;102;Kunst > Klangkunst > Soundtrack;Art > Sound Art > Soundtrack;Q217199;4017129-2;300263865;
111;https://gitlab.git.nrw/arkumu/arkumu-exchange-portal/-/wikis/controlled-vocabularies/project-categories#project-category-111;Artist's Publication;;Künstler:innen-Publikation;Künstlerpublikation;78;Kunst > Künstler:innen-Publikation;Art > Artist's Publication;Q121788724;;;
112;https://gitlab.git.nrw/arkumu/arkumu-exchange-portal/-/wikis/controlled-vocabularies/project-categories#project-category-112;Artist's Book;Artist book,Book Art;Künstler:innen-Buch;Buchkunst,Buchprojekt,Künstlerbuch;111;Kunst > Künstler:innen-Publikation > Künstler:innen-Buch;Art > Artist's Publication > Artist's Book;Q1062404;4229053-3;300123016;
113;https://gitlab.git.nrw/arkumu/arkumu-exchange-portal/-/wikis/controlled-vocabularies/project-categories#project-category-113;Artist's Statement;Artist's Text,Statement;Künstler:innen-Text;Künstler:innen-Statement;111;Kunst > Künstler:innen-Publikation > Künstler:innen-Text;Art > Artist's Publication > Artist's Statement;Q4801214;;300192825;
114;https://gitlab.git.nrw/arkumu/arkumu-exchange-portal/-/wikis/controlled-vocabularies/project-categories#project-category-114;Podcast;;Podcast;;111;Kunst > Künstler:innen-Publikation > Podcast;Art > Künstler:innen-Publikation > Podcast;Q20899;7527248-9;300310137;
115;https://gitlab.git.nrw/arkumu/arkumu-exchange-portal/-/wikis/controlled-vocabularies/project-categories#project-category-115;Website;;Webseite;;111;Kunst > Künstler:innen-Publikation > Webseite;Art > Künstler:innen-Publikation > Website;Q35127;4596172-4;300265431;
116;https://gitlab.git.nrw/arkumu/arkumu-exchange-portal/-/wikis/controlled-vocabularies/project-categories#project-category-116;Fine Art Photography;;Künstlerische Fotografie;Fotokunst,Kunstfotografie;78;Kunst > Künstlerische Fotografie;Art > Fine Art Photography;Q1066582;;300435144;
117;https://gitlab.git.nrw/arkumu/arkumu-exchange-portal/-/wikis/controlled-vocabularies/project-categories#project-category-117;Computer-Generated Imagery;CGI,Computer Graphics;Computer Generated Imagery;Computergrafik;116;Kunst > Künstlerische Fotografie > Computer Generated Imagery;Art > Fine Art Photography > Computer-Generated Imagery;Q6002306;4197506-6;300266307;
118;https://gitlab.git.nrw/arkumu/arkumu-exchange-portal/-/wikis/controlled-vocabularies/project-categories#project-category-118;Documentary Photography;;Dokumentarfotografie;Künstlerische Dokumentarfotografie;116;Kunst > Künstlerische Fotografie > Dokumentarfotografie;Art > Fine Art Photography > Documentary Photography;Q615498;4142019-6;300134547;
119;https://gitlab.git.nrw/arkumu/arkumu-exchange-portal/-/wikis/controlled-vocabularies/project-categories#project-category-119;Photobook;Photo-Book,Photo Book;Fotobuch;;116;Kunst > Künstlerische Fotografie > Fotobuch;Art > Fine Art Photography > Photobook;Q604219;7660057-9;300265728;
120;https://gitlab.git.nrw/arkumu/arkumu-exchange-portal/-/wikis/controlled-vocabularies/project-categories#project-category-120;Photogrammetry;;Fotogrammetrie;;116;Kunst > Künstlerische Fotografie > Fotogrammetrie;Art > Fine Art Photography > Photogrammetry;Q190149;4045892-1;300053580;
121;https://gitlab.git.nrw/arkumu/arkumu-exchange-portal/-/wikis/controlled-vocabularies/project-categories#project-category-121;Photo Installation;;Fotoinstallation;;116;Kunst > Künstlerische Fotografie > Fotoinstallation;Art > Fine Art Photography > Photo Installation;Q117021891;4395048-6;;
122;https://gitlab.git.nrw/arkumu/arkumu-exchange-portal/-/wikis/controlled-vocabularies/project-categories#project-category-122;Staged Photography;;Inszenierte Fotografie;;116;Kunst > Künstlerische Fotografie > Inszenierte Fotografie;Art > Fine Art Photography > Staged Photography;Q1665341;4371232-0;;
123;https://gitlab.git.nrw/arkumu/arkumu-exchange-portal/-/wikis/controlled-vocabularies/project-categories#project-category-123;Conceptual Photography;;Konzeptuelle Fotografie;;116;Kunst > Künstlerische Fotografie > Konzeptuelle Fotografie;Art > Fine Art Photography > Conceptual Photography;Q5158441;;;
124;https://gitlab.git.nrw/arkumu/arkumu-exchange-portal/-/wikis/controlled-vocabularies/project-categories#project-category-124;Light Art;;Lichtkunst;;78;Kunst > Lichtkunst;Art > Light Art;Q1421557;4120673-3;300121461;
125;https://gitlab.git.nrw/arkumu/arkumu-exchange-portal/-/wikis/controlled-vocabularies/project-categories#project-category-125;Holography;;Holografie;Holografische Arbeit;124;Kunst > Lichtkunst > Holografie;Art > Light Art > Holography;Q527628;4025643-1;300053341;
126;https://gitlab.git.nrw/arkumu/arkumu-exchange-portal/-/wikis/controlled-vocabularies/project-categories#project-category-126;Light Installation;;Lichtinstallation;;124;Kunst > Lichtkunst > Lichtinstallation;Art > Light Art > Light Installation;Q1823448;4614008-6;;
127;https://gitlab.git.nrw/arkumu/arkumu-exchange-portal/-/wikis/controlled-vocabularies/project-categories#project-category-127;Painting;;Malerei;;78;Kunst > Malerei;Art > Painting;Q11629;4037220-0;300033799;
128;https://gitlab.git.nrw/arkumu/arkumu-exchange-portal/-/wikis/controlled-vocabularies/project-categories#project-category-128;Performance;;Performance;Aktionskunst,Handlung;78;Kunst > Performance;Art > Performance;Q213156;4173750-7;300121445;
129;https://gitlab.git.nrw/arkumu/arkumu-exchange-portal/-/wikis/controlled-vocabularies/project-categories#project-category-129;Action;;Aktion;;128;Kunst > Performance > Aktion;Art > Performance > Action;Q422635;4141744-6;300185409;
130;https://gitlab.git.nrw/arkumu/arkumu-exchange-portal/-/wikis/controlled-vocabularies/project-categories#project-category-130;Durational Performance;Durational Art,Endurance Art;Durational Performance;;128;Kunst > Performance > Durational Performance;Art > Performance > Durational Performance;Q5376667;;;
131;https://gitlab.git.nrw/arkumu/arkumu-exchange-portal/-/wikis/controlled-vocabularies/project-categories#project-category-131;Happening;;Happening;;128;Kunst > Performance > Happening;Art > Performance > Happening;Q108874;4159095-8;300047935;
132;https://gitlab.git.nrw/arkumu/arkumu-exchange-portal/-/wikis/controlled-vocabularies/project-categories#project-category-132;Intervention;;Intervention;;128;Kunst > Performance > Intervention;Art > Performance > Intervention;Q3937287;;300266371;
133;https://gitlab.git.nrw/arkumu/arkumu-exchange-portal/-/wikis/controlled-vocabularies/project-categories#project-category-133;Lecture Performance;Performance Lecture,Performance-Lecture;Performance-Vortrag;Vortragsperformance;128;Kunst > Performance > Performance-Vortrag;Art > Performance > Lecture Performance;Q61862009;7688836-8;;
134;https://gitlab.git.nrw/arkumu/arkumu-exchange-portal/-/wikis/controlled-vocabularies/project-categories#project-category-134;Dance;;Tanz;;128;Kunst > Performance > Tanz;Art > Performance > Dance;Q11639;4059028-8;300054144;
135;https://gitlab.git.nrw/arkumu/arkumu-exchange-portal/-/wikis/controlled-vocabularies/project-categories#project-category-135;Sculpture;;Skulptur;Plastik,Bildhauerkunst,Bildhauerei,Objekt,Objektkunst;78;Kunst > Skulptur;Art > Sculpture;Q860861;4046277-8;300047090;
136;https://gitlab.git.nrw/arkumu/arkumu-exchange-portal/-/wikis/controlled-vocabularies/project-categories#project-category-136;Model;;Modell;Maquette;135;Kunst > Skulptur > Modell;Art > Sculpture > Model;Q1979154;4039798-1;300047753;
137;https://gitlab.git.nrw/arkumu/arkumu-exchange-portal/-/wikis/controlled-vocabularies/project-categories#project-category-137;Found Object;;Ready-made;Objekt,Objet Trouvé;135;Kunst > Skulptur > Ready-made;Art > Sculpture > Found Object;Q572916;4177111-4;300047210;
138;https://gitlab.git.nrw/arkumu/arkumu-exchange-portal/-/wikis/controlled-vocabularies/project-categories#project-category-138;Video Art;;Videokunst;;78;Kunst > Videokunst;Art > Video Art;Q682010;4188229-5;300102067;
139;https://gitlab.git.nrw/arkumu/arkumu-exchange-portal/-/wikis/controlled-vocabularies/project-categories#project-category-139;Expanded Cinema;;Expanded Cinema;;138;Kunst > Videokunst > Expanded Cinema;Art > Video Art > Expanded Cinema;Q117104066;1168277388;;
140;https://gitlab.git.nrw/arkumu/arkumu-exchange-portal/-/wikis/controlled-vocabularies/project-categories#project-category-140;Projection Mapping;;Projektionsmapping;Videomapping;138;Kunst > Videokunst > Projektionsmapping;Art > Video Art > Projection Mapping;Q776483;;;
141;https://gitlab.git.nrw/arkumu/arkumu-exchange-portal/-/wikis/controlled-vocabularies/project-categories#project-category-141;Video Essay;;Video-Essay;;138;Kunst > Videokunst > Video-Essay;Art > Video Art > Video Essay;Q48773471;;;
142;https://gitlab.git.nrw/arkumu/arkumu-exchange-portal/-/wikis/controlled-vocabularies/project-categories#project-category-142;Video Installation;;Videoinstallation;;138;Kunst > Videokunst > Videoinstallation;Art > Video Art > Video Installation;Q550484;4347940-6;;
143;https://gitlab.git.nrw/arkumu/arkumu-exchange-portal/-/wikis/controlled-vocabularies/project-categories#project-category-143;Video Performance;;Videoperformance;Video-Performance;138;Kunst > Videokunst > Videoperformance;Art > Video Art > Video Performance;Q115754536;;;
144;https://gitlab.git.nrw/arkumu/arkumu-exchange-portal/-/wikis/controlled-vocabularies/project-categories#project-category-144;Video Sculpture;;Videoskulptur;;138;Kunst > Videokunst > Videoskulptur;Art > Video Art > Video Sculpture;Q7927987;;;
145;https://gitlab.git.nrw/arkumu/arkumu-exchange-portal/-/wikis/controlled-vocabularies/project-categories#project-category-145;Virtual Reality;VR;Virtual Reality;Virtuelle Realität;138;Kunst > Videokunst > Virtual Reality;Art > Video Art > Virtual Reality;Q170519;4399931-1;300238469;
146;https://gitlab.git.nrw/arkumu/arkumu-exchange-portal/-/wikis/controlled-vocabularies/project-categories#project-category-146;Drawing;;Zeichnung;;78;Kunst > Zeichnung;Art > Drawing;Q93184;4127900-1;300033973;
147;https://gitlab.git.nrw/arkumu/arkumu-exchange-portal/-/wikis/controlled-vocabularies/project-categories#project-category-147;Collage;;Collage;Decollage,Fotomontage,Assemblage;146;Kunst > Zeichnung > Collage;Art > Drawing > Collage;Q170593;4010384-5;300033963;
148;https://gitlab.git.nrw/arkumu/arkumu-exchange-portal/-/wikis/controlled-vocabularies/project-categories#project-category-148;Comic;Graphic Novel;Comic;;146;Kunst > Zeichnung > Comic;Art > Drawing > Comic;Q725377;7658564-5;300015635;
149;https://gitlab.git.nrw/arkumu/arkumu-exchange-portal/-/wikis/controlled-vocabularies/project-categories#project-category-149;Printmaking;;Druckgrafik;Grafik;146;Kunst > Zeichnung > Druckgrafik;Art > Drawing > Printmaking;Q1027879;4021845-4;300041273;
150;https://gitlab.git.nrw/arkumu/arkumu-exchange-portal/-/wikis/controlled-vocabularies/project-categories#project-category-150;Literature;;Literatur;;;Literatur;Literature;Q8242;4035964-5;300417585;
151;https://gitlab.git.nrw/arkumu/arkumu-exchange-portal/-/wikis/controlled-vocabularies/project-categories#project-category-151;Drama;;Drama;;150;Literatur > Drama;Literature > Drama;Q25372;4012899-4;300417554;
152;https://gitlab.git.nrw/arkumu/arkumu-exchange-portal/-/wikis/controlled-vocabularies/project-categories#project-category-152;One-act Play;;Einakter;Kurzdrama;151;Literatur > Drama > Einakter;Literature > Drama > One-act Play;Q1194583;4132520-5;;
153;https://gitlab.git.nrw/arkumu/arkumu-exchange-portal/-/wikis/controlled-vocabularies/project-categories#project-category-153;Historical Play;;Historiendrama;;151;Literatur > Drama > Historiendrama;Literature > Drama > Historical Play;Q5774663;4025133-0;;
154;https://gitlab.git.nrw/arkumu/arkumu-exchange-portal/-/wikis/controlled-vocabularies/project-categories#project-category-154;Comedy;;Komödie;;151;Literatur > Drama > Komödie;Literature > Drama > Comedy;Q40831;4031952-0;300055911;
155;https://gitlab.git.nrw/arkumu/arkumu-exchange-portal/-/wikis/controlled-vocabularies/project-categories#project-category-155;Libretto;;Libretto;;151;Literatur > Drama > Libretto;Literature > Drama > Libretto;Q131084;4035588-3;300026424;
156;https://gitlab.git.nrw/arkumu/arkumu-exchange-portal/-/wikis/controlled-vocabularies/project-categories#project-category-156;Monodrama;;Monodrama;Einpersonenstück,Monodram;151;Literatur > Drama > Monodrama;Literature > Drama > Monodrama;Q221290;4170462-9;;
157;https://gitlab.git.nrw/arkumu/arkumu-exchange-portal/-/wikis/controlled-vocabularies/project-categories#project-category-157;Morality Play;;Moralität;;151;Literatur > Drama > Moralität;Literature > Drama > Morality Play;Q929047;4170539-7;300202564;
158;https://gitlab.git.nrw/arkumu/arkumu-exchange-portal/-/wikis/controlled-vocabularies/project-categories#project-category-158;Comedy of Manors;;Sittenstück;Konversationsstück;151;Literatur > Drama > Sittenstück;Literature > Drama > Comedy of Manors;Q222926;4268889-9;;
159;https://gitlab.git.nrw/arkumu/arkumu-exchange-portal/-/wikis/controlled-vocabularies/project-categories#project-category-159;Comedy Drama;Dramedy;Tragikomödie;;151;Literatur > Drama > Tragikomödie;Literature > Drama > Comedy Drama;Q859369;4185839-6;;
160;https://gitlab.git.nrw/arkumu/arkumu-exchange-portal/-/wikis/controlled-vocabularies/project-categories#project-category-160;Tragedy;;Tragödie;;151;Literatur > Drama > Tragödie;Literature > Drama > Tragedy;Q80930;4060591-7;300055916;
161;https://gitlab.git.nrw/arkumu/arkumu-exchange-portal/-/wikis/controlled-vocabularies/project-categories#project-category-161;Verse Drama;;Versdrama;;151;Literatur > Drama > Versdrama;Literature > Drama > Verse Drama;Q1370860;4187986-7;300417798;
162;https://gitlab.git.nrw/arkumu/arkumu-exchange-portal/-/wikis/controlled-vocabularies/project-categories#project-category-162;Screenplay;Film Script;Drehbuch;;150;Literatur > Drehbuch;Literature > Screenplay;Q103076;4127976-1;300026491;
163;https://gitlab.git.nrw/arkumu/arkumu-exchange-portal/-/wikis/controlled-vocabularies/project-categories#project-category-163;Epic Literature;;Epik;Epische Literatur;150;Literatur > Epik;Literature > Epic Literature;Q1097273;4015025-2;300404209;
164;https://gitlab.git.nrw/arkumu/arkumu-exchange-portal/-/wikis/controlled-vocabularies/project-categories#project-category-164;Narrative Story;;Erzählung;;163;Literatur > Epik > Erzählung;Literature > Epic Literature > Narrative Story;Q27036528;4015464-6;300185346;
165;https://gitlab.git.nrw/arkumu/arkumu-exchange-portal/-/wikis/controlled-vocabularies/project-categories#project-category-165;Short Story;;Kurzgeschichte;;163;Literatur > Epik > Kurzgeschichte;Literature > Epic Literature > Short Story;Q49084;4033842-3;300202607;
166;https://gitlab.git.nrw/arkumu/arkumu-exchange-portal/-/wikis/controlled-vocabularies/project-categories#project-category-166;Fairy Tale;;Märchen;;163;Literatur > Epik > Märchen;Literature > Epic Literature > Fairy Tale;Q699;4036910-9;300185684;
167;https://gitlab.git.nrw/arkumu/arkumu-exchange-portal/-/wikis/controlled-vocabularies/project-categories#project-category-167;Novella;;Novelle;;163;Literatur > Epik > Novelle;Literature > Epic Literature > Novella;Q149537;4042706-7;300202569;
168;https://gitlab.git.nrw/arkumu/arkumu-exchange-portal/-/wikis/controlled-vocabularies/project-categories#project-category-168;Parable;;Parabel;;163;Literatur > Epik > Parabel;Literature > Epic Literature > Parable;Q208555;4075855-2;300185342;
169;https://gitlab.git.nrw/arkumu/arkumu-exchange-portal/-/wikis/controlled-vocabularies/project-categories#project-category-169;Reportage;;Reportage;;163;Literatur > Epik > Reportage;Literature > Epic Literature > Reportage;Q124922;4049528-0;;
170;https://gitlab.git.nrw/arkumu/arkumu-exchange-portal/-/wikis/controlled-vocabularies/project-categories#project-category-170;Novel;;Roman;;163;Literatur > Epik > Roman;Literature > Epic Literature > Novel;Q8261;4050479-7;300202580;
171;https://gitlab.git.nrw/arkumu/arkumu-exchange-portal/-/wikis/controlled-vocabularies/project-categories#project-category-171;Satire;;Satire;;163;Literatur > Epik > Satire;Literature > Epic Literature > Satire;Q128758;4051752-4;300251297;
172;https://gitlab.git.nrw/arkumu/arkumu-exchange-portal/-/wikis/controlled-vocabularies/project-categories#project-category-172;Literary Reading;;Literaturlesung;Autorenlesung;150;Literatur > Literaturlesung;Literature > Literary Reading;Q106499608;;;
173;https://gitlab.git.nrw/arkumu/arkumu-exchange-portal/-/wikis/controlled-vocabularies/project-categories#project-category-173;Poetry;;Lyrik;Poesie;150;Literatur > Lyrik;Literature > Poetry;Q482;4036774-5;300055931;
174;https://gitlab.git.nrw/arkumu/arkumu-exchange-portal/-/wikis/controlled-vocabularies/project-categories#project-category-174;Acrostic;;Akrostichon;;173;Literatur > Lyrik > Akrostichon;Literature > Poetry > Acrostic;Q173287;4195703-9;300256198;
175;https://gitlab.git.nrw/arkumu/arkumu-exchange-portal/-/wikis/controlled-vocabularies/project-categories#project-category-175;Ballad;;Ballade;;173;Literatur > Lyrik > Ballade;Literature > Poetry > Ballad;Q182659;4004343-5;300451697;
176;https://gitlab.git.nrw/arkumu/arkumu-exchange-portal/-/wikis/controlled-vocabularies/project-categories#project-category-176;Elegy;;Elegie;;173;Literatur > Lyrik > Elegie;Literature > Poetry > Elegy;Q174864;4151713-1;300026285;
177;https://gitlab.git.nrw/arkumu/arkumu-exchange-portal/-/wikis/controlled-vocabularies/project-categories#project-category-177;Epigram;;Epigramm;;173;Literatur > Lyrik > Epigramm;Literature > Poetry > Epigram;Q193121;4152507-3;300202533;
178;https://gitlab.git.nrw/arkumu/arkumu-exchange-portal/-/wikis/controlled-vocabularies/project-categories#project-category-178;Poem;;Gedicht;;173;Literatur > Lyrik > Gedicht;Literature > Poetry > Poem;Q5185279;;300026451;
179;https://gitlab.git.nrw/arkumu/arkumu-exchange-portal/-/wikis/controlled-vocabularies/project-categories#project-category-179;Poetry Collection;;Gedichtsammlung;;173;Literatur > Lyrik > Gedichtsammlung;Literature > Poetry > Poetry Collection;Q12106333;;;
180;https://gitlab.git.nrw/arkumu/arkumu-exchange-portal/-/wikis/controlled-vocabularies/project-categories#project-category-180;Haiku;;Haiku;;173;Literatur > Lyrik > Haiku;Literature > Poetry > Haiku;Q37707;4022963-4;;
181;https://gitlab.git.nrw/arkumu/arkumu-exchange-portal/-/wikis/controlled-vocabularies/project-categories#project-category-181;Hymn;;Hymne;;173;Literatur > Lyrik > Hymne;Literature > Poetry > Hymn;Q484692;4125676-1;300167054;
182;https://gitlab.git.nrw/arkumu/arkumu-exchange-portal/-/wikis/controlled-vocabularies/project-categories#project-category-182;Concrete Poetry;;Konkrete Poesie;;173;Literatur > Lyrik > Konkrete Poesie;Literature > Poetry > Concrete Poetry;Q596594;4073689-1;300055932;
183;https://gitlab.git.nrw/arkumu/arkumu-exchange-portal/-/wikis/controlled-vocabularies/project-categories#project-category-183;Sound Poetry;;Lautgedicht;;173;Literatur > Lyrik > Lautgedicht;Literature > Poetry > Sound Poetry;Q1808721;4166943-5;300262601;
184;https://gitlab.git.nrw/arkumu/arkumu-exchange-portal/-/wikis/controlled-vocabularies/project-categories#project-category-184;Limerick;;Limerick;;173;Literatur > Lyrik > Limerick;Literature > Poetry > Limerick;Q204698;4167675-0;300417752;
185;https://gitlab.git.nrw/arkumu/arkumu-exchange-portal/-/wikis/controlled-vocabularies/project-categories#project-category-185;Song Lyrics;;Songtext;;173;Literatur > Lyrik > Songtext;Literature > Poetry > Song Lyrics;Q602446;1190608006;;
186;https://gitlab.git.nrw/arkumu/arkumu-exchange-portal/-/wikis/controlled-vocabularies/project-categories#project-category-186;Reference Work;Reference Book;Nachschlagewerk;;150;Literatur > Nachschlagewerk;Literature > Reference Work;Q13136;4041070-5;300198412;
187;https://gitlab.git.nrw/arkumu/arkumu-exchange-portal/-/wikis/controlled-vocabularies/project-categories#project-category-187;Non-fictional Literature;;Nichtfiktionale Literatur;;150;Literatur > Nichtfiktionale Literatur;Literature > Non-fictional Literature;Q213051;;300163411;
188;https://gitlab.git.nrw/arkumu/arkumu-exchange-portal/-/wikis/controlled-vocabularies/project-categories#project-category-188;Autobiography;;Autobiografie;;187;Literatur > Nichtfiktionale Literatur > Autobiografie;Literature > Non-fictional Literature > Autobiography;Q4184;4003939-0;300080104;
189;https://gitlab.git.nrw/arkumu/arkumu-exchange-portal/-/wikis/controlled-vocabularies/project-categories#project-category-189;Biography;;Biografie;;187;Literatur > Nichtfiktionale Literatur > Biografie;Literature > Non-fictional Literature > Biography;Q36279;4006804-3;300080102;
190;https://gitlab.git.nrw/arkumu/arkumu-exchange-portal/-/wikis/controlled-vocabularies/project-categories#project-category-190;Blog;;Blog;;187;Literatur > Nichtfiktionale Literatur > Blog;Literature > Non-fictional Literature > Blog;Q30849;4678688-0;300265722;
191;https://gitlab.git.nrw/arkumu/arkumu-exchange-portal/-/wikis/controlled-vocabularies/project-categories#project-category-191;Essay;;Essay;;187;Literatur > Nichtfiktionale Literatur > Essay;Literature > Non-fictional Literature > Essay;Q35760;4015553-5;300026291;
192;https://gitlab.git.nrw/arkumu/arkumu-exchange-portal/-/wikis/controlled-vocabularies/project-categories#project-category-192;Manifesto;;Manifest;;187;Literatur > Nichtfiktionale Literatur > Manifest;Literature > Non-fictional Literature > Manifesto;Q46337;4205648-2;300026393;
193;https://gitlab.git.nrw/arkumu/arkumu-exchange-portal/-/wikis/controlled-vocabularies/project-categories#project-category-193;Memoir;;Memoir;;187;Literatur > Nichtfiktionale Literatur > Memoir;Literature > Non-fictional Literature > Memoir;Q112983;;300202559;
194;https://gitlab.git.nrw/arkumu/arkumu-exchange-portal/-/wikis/controlled-vocabularies/project-categories#project-category-194;Self-help Book;;Ratgeber;Selbsthilfeliteratur;187;Literatur > Nichtfiktionale Literatur > Ratgeber;Literature > Non-fictional Literature > Self-help Book;Q3739522;4048476-2;;
195;https://gitlab.git.nrw/arkumu/arkumu-exchange-portal/-/wikis/controlled-vocabularies/project-categories#project-category-195;Non-fiction Book;;Sachbuch;;187;Literatur > Nichtfiktionale Literatur > Sachbuch;Literature > Non-fictional Literature > Non-fiction Book;Q20540385;4129720-9;300163411;
196;https://gitlab.git.nrw/arkumu/arkumu-exchange-portal/-/wikis/controlled-vocabularies/project-categories#project-category-196;Non-fiction Novel;;Tatsachenroman;;187;Literatur > Nichtfiktionale Literatur > Tatsachenroman;Literature > Non-fictional Literature > Non-fiction Novel;Q1325447;;;
197;https://gitlab.git.nrw/arkumu/arkumu-exchange-portal/-/wikis/controlled-vocabularies/project-categories#project-category-197;Music;;Musik;;;Musik;Music;Q638;4040802-4;300417584;
198;https://gitlab.git.nrw/arkumu/arkumu-exchange-portal/-/wikis/controlled-vocabularies/project-categories#project-category-198;Non-european Art Music;;Außereuropäische Kunstmusik;;197;Musik > Außereuropäische Kunstmusik;Music > Non-european Art Music;Q123561622;;;
199;https://gitlab.git.nrw/arkumu/arkumu-exchange-portal/-/wikis/controlled-vocabularies/project-categories#project-category-199;Stage Music;;Bühnenmusik;;197;Musik > Bühnenmusik;Music > Stage Music;Q1020611;4146861-2;;
200;https://gitlab.git.nrw/arkumu/arkumu-exchange-portal/-/wikis/controlled-vocabularies/project-categories#project-category-200;Electroacoustic Music;;Elektroakustische Musik;;197;Musik > Elektroakustische Musik;Music > Electroacoustic Music;Q1326777;4014355-7;300266573;
201;https://gitlab.git.nrw/arkumu/arkumu-exchange-portal/-/wikis/controlled-vocabularies/project-categories#project-category-201;Electronic Music;;Elektronische Musik;;197;Musik > Elektronische Musik;Music > Electronic Music;Q9778;4014355-7;300266573;
202;https://gitlab.git.nrw/arkumu/arkumu-exchange-portal/-/wikis/controlled-vocabularies/project-categories#project-category-202;Ensemble Music;;Ensemblemusik;;197;Musik > Ensemblemusik;Music > Ensemble Music;Q123561525;4398225-6;;
203;https://gitlab.git.nrw/arkumu/arkumu-exchange-portal/-/wikis/controlled-vocabularies/project-categories#project-category-203;Folklore;;Folklore;Volksmusik;197;Musik > Folklore;Music > Folklore;Q235858;4063854-6;300417626;
204;https://gitlab.git.nrw/arkumu/arkumu-exchange-portal/-/wikis/controlled-vocabularies/project-categories#project-category-204;Sacred Music;;Geistliche Musik;Kirchenmusik,sakrale Musik,Sakralmusik,religiöse Musik,Religious Music;197;Musik > Geistliche Musik;Music > Sacred Music;Q1065742;4126228-1;;
205;https://gitlab.git.nrw/arkumu/arkumu-exchange-portal/-/wikis/controlled-vocabularies/project-categories#project-category-205;Instrumental Music;;Instrumentalmusik;;197;Musik > Instrumentalmusik;Music > Instrumental Music;Q639197;4129951-6;;
206;https://gitlab.git.nrw/arkumu/arkumu-exchange-portal/-/wikis/controlled-vocabularies/project-categories#project-category-206;Jazz;;Jazz;Jazzmusik;197;Musik > Jazz;Music > Jazz;Q8341;4028532-7;300266367;
207;https://gitlab.git.nrw/arkumu/arkumu-exchange-portal/-/wikis/controlled-vocabularies/project-categories#project-category-207;Acid Jazz;Dancefloor Jazz,Club Jazz;Acid Jazz;;206;Musik > Jazz > Acid Jazz;Music > Jazz > Acid Jazz;Q221772;4363822-3;;
208;https://gitlab.git.nrw/arkumu/arkumu-exchange-portal/-/wikis/controlled-vocabularies/project-categories#project-category-208;Afro-Cuban Jazz;;Afro-Cuban Jazz;;206;Musik > Jazz > Afro-Cuban Jazz;Music > Jazz > Afro-Cuban Jazz;Q3163340;4363925-2;;
209;https://gitlab.git.nrw/arkumu/arkumu-exchange-portal/-/wikis/controlled-vocabularies/project-categories#project-category-209;Avantgarde Jazz;;Avantgarde-Jazz;;206;Musik > Jazz > Avantgarde-Jazz;Music > Jazz > Avantgarde Jazz;Q790188;;;
210;https://gitlab.git.nrw/arkumu/arkumu-exchange-portal/-/wikis/controlled-vocabularies/project-categories#project-category-210;Bebop;;Bebop;;206;Musik > Jazz > Bebop;Music > Jazz > Bebop;Q105513;4144242-8;;
211;https://gitlab.git.nrw/arkumu/arkumu-exchange-portal/-/wikis/controlled-vocabularies/project-categories#project-category-211;Big Band Music;;Big Band;;206;Musik > Jazz > Big Band;Music > Jazz > Big Band Music;Q105756581;;;
212;https://gitlab.git.nrw/arkumu/arkumu-exchange-portal/-/wikis/controlled-vocabularies/project-categories#project-category-212;Boogie-Woogie;;Boogie-Woogie;;206;Musik > Jazz > Boogie-Woogie;Music > Jazz > Boogie-Woogie;Q212952;4241046-0;;
213;https://gitlab.git.nrw/arkumu/arkumu-exchange-portal/-/wikis/controlled-vocabularies/project-categories#project-category-213;Chicago Style;;Chicago Style;;206;Musik > Jazz > Chicago Style;Music > Jazz > Chicago Style;Q352235;;;
214;https://gitlab.git.nrw/arkumu/arkumu-exchange-portal/-/wikis/controlled-vocabularies/project-categories#project-category-214;Contemporary Jazz;;Contemporary Jazz;;206;Musik > Jazz > Contemporary Jazz;Music > Jazz > Contemporary Jazz;Q5928480;;;
215;https://gitlab.git.nrw/arkumu/arkumu-exchange-portal/-/wikis/controlled-vocabularies/project-categories#project-category-215;Cool Jazz;;Cool Jazz;;206;Musik > Jazz > Cool Jazz;Music > Jazz > Cool Jazz;Q327547;4148303-0;;
216;https://gitlab.git.nrw/arkumu/arkumu-exchange-portal/-/wikis/controlled-vocabularies/project-categories#project-category-216;Crossover Jazz;;Crossover Jazz;;206;Musik > Jazz > Crossover Jazz;Music > Jazz > Crossover Jazz;Q846833;;;
217;https://gitlab.git.nrw/arkumu/arkumu-exchange-portal/-/wikis/controlled-vocabularies/project-categories#project-category-217;Dixieland;;Dixieland;;206;Musik > Jazz > Dixieland;Music > Jazz > Dixieland;Q906647;4150329-6;;
218;https://gitlab.git.nrw/arkumu/arkumu-exchange-portal/-/wikis/controlled-vocabularies/project-categories#project-category-218;East Coast Jazz;;East Coast Jazz;East-Coast-Jazz;206;Musik > Jazz > East Coast Jazz;Music > Jazz > East Coast Jazz;Q11696000;;;
219;https://gitlab.git.nrw/arkumu/arkumu-exchange-portal/-/wikis/controlled-vocabularies/project-categories#project-category-219;Ethno Jazz;;Ethnojazz;;206;Musik > Jazz > Ethnojazz;Music > Jazz > Ethno Jazz;Q1371364;;;
220;https://gitlab.git.nrw/arkumu/arkumu-exchange-portal/-/wikis/controlled-vocabularies/project-categories#project-category-220;Free Jazz;;Free Jazz;;206;Musik > Jazz > Free Jazz;Music > Jazz > Free Jazz;Q211781;4155265-9;;
221;https://gitlab.git.nrw/arkumu/arkumu-exchange-portal/-/wikis/controlled-vocabularies/project-categories#project-category-221;Hard Bop;;Hard Bop;Hardbop;206;Musik > Jazz > Hard Bop;Music > Jazz > Hard Bop;Q181010;4299339-8;;
222;https://gitlab.git.nrw/arkumu/arkumu-exchange-portal/-/wikis/controlled-vocabularies/project-categories#project-category-222;Jazz Fusion;;Jazz Fusion;;206;Musik > Jazz > Jazz Fusion;Music > Jazz > Jazz Fusion;Q105527;;;
223;https://gitlab.git.nrw/arkumu/arkumu-exchange-portal/-/wikis/controlled-vocabularies/project-categories#project-category-223;New Orleans Jazz;;New Orleans Jazz;New-Orleans-Jazz;206;Musik > Jazz > New Orleans Jazz;Music > Jazz > New Orleans Jazz;Q1982426;4171691-7;;
224;https://gitlab.git.nrw/arkumu/arkumu-exchange-portal/-/wikis/controlled-vocabularies/project-categories#project-category-224;Progressive Jazz;;Progressive Jazz;;206;Musik > Jazz > Progressive Jazz;Music > Jazz > Progressive Jazz;Q105627377;;;
225;https://gitlab.git.nrw/arkumu/arkumu-exchange-portal/-/wikis/controlled-vocabularies/project-categories#project-category-225;Ragtime;;Ragtime;;206;Musik > Jazz > Ragtime;Music > Jazz > Ragtime;Q185652;4176879-6;;
226;https://gitlab.git.nrw/arkumu/arkumu-exchange-portal/-/wikis/controlled-vocabularies/project-categories#project-category-226;Smooth Jazz;;Smooth Jazz;;206;Musik > Jazz > Smooth Jazz;Music > Jazz > Smooth Jazz;Q831354;;;
227;https://gitlab.git.nrw/arkumu/arkumu-exchange-portal/-/wikis/controlled-vocabularies/project-categories#project-category-227;Swing;;Swing;;206;Musik > Jazz > Swing;Music > Jazz > Swing;Q203775;4153450-5;;
228;https://gitlab.git.nrw/arkumu/arkumu-exchange-portal/-/wikis/controlled-vocabularies/project-categories#project-category-228;West Coast Jazz;;West Coast Jazz;West-Coast-Jazz;206;Musik > Jazz > West Coast Jazz;Music > Jazz > West Coast Jazz;Q1548603;4304602-2;;
229;https://gitlab.git.nrw/arkumu/arkumu-exchange-portal/-/wikis/controlled-vocabularies/project-categories#project-category-229;Classical Music;;Klassische Musik;;197;Musik > Klassische Musik;Music > Classical Music;Q9730;4164043-3;;
230;https://gitlab.git.nrw/arkumu/arkumu-exchange-portal/-/wikis/controlled-vocabularies/project-categories#project-category-230;Military Music;;Militärmusik;;197;Musik > Militärmusik;Music > Military Music;Q6774721;4039344-6;;
231;https://gitlab.git.nrw/arkumu/arkumu-exchange-portal/-/wikis/controlled-vocabularies/project-categories#project-category-231;Neue Musik;;Neue Musik;;197;Musik > Neue Musik;Music > Neue Musik;Q21662779;4428235-7;;
232;https://gitlab.git.nrw/arkumu/arkumu-exchange-portal/-/wikis/controlled-vocabularies/project-categories#project-category-232;Orchestral Music;;Orchestermusik;;197;Musik > Orchestermusik;Music > Orchestral Music;Q3328774;4131523-6;;
233;https://gitlab.git.nrw/arkumu/arkumu-exchange-portal/-/wikis/controlled-vocabularies/project-categories#project-category-233;Popular Music;;Popularmusik;;197;Musik > Popularmusik;Music > Popular Music;Q373342;;;
234;https://gitlab.git.nrw/arkumu/arkumu-exchange-portal/-/wikis/controlled-vocabularies/project-categories#project-category-234;American Folk;;American Folk;;233;Musik > Popularmusik > American Folk;Music > Popular Music > American Folk;Q1541229;4137558-0;;
235;https://gitlab.git.nrw/arkumu/arkumu-exchange-portal/-/wikis/controlled-vocabularies/project-categories#project-category-235;Beat;;Beat;Beatmusik;233;Musik > Popularmusik > Beat;Music > Popular Music > Beat;Q546264;4144239-8;;
236;https://gitlab.git.nrw/arkumu/arkumu-exchange-portal/-/wikis/controlled-vocabularies/project-categories#project-category-236;Blues;;Blues;;233;Musik > Popularmusik > Blues;Music > Popular Music > Blues;Q9759;4132568-0;;
237;https://gitlab.git.nrw/arkumu/arkumu-exchange-portal/-/wikis/controlled-vocabularies/project-categories#project-category-237;Chanson;;Chanson;;233;Musik > Popularmusik > Chanson;Music > Popular Music > Chanson;Q1062400;4009744-4;;
238;https://gitlab.git.nrw/arkumu/arkumu-exchange-portal/-/wikis/controlled-vocabularies/project-categories#project-category-238;Country;Countrymusic;Country;;233;Musik > Popularmusik > Country;Music > Popular Music > Country;Q83440;4138030-7;;
239;https://gitlab.git.nrw/arkumu/arkumu-exchange-portal/-/wikis/controlled-vocabularies/project-categories#project-category-239;Electronic Dance Music;EDM;Electronic Dance Music;;233;Musik > Popularmusik > Electronic Dance Music;Music > Popular Music > Electronic Dance Music;Q851213;;;
240;https://gitlab.git.nrw/arkumu/arkumu-exchange-portal/-/wikis/controlled-vocabularies/project-categories#project-category-240;Hip-Hop;;Hip-Hop;;233;Musik > Popularmusik > Hip-Hop;Music > Popular Music > Hip-Hop;Q11401;4303517-6;;
241;https://gitlab.git.nrw/arkumu/arkumu-exchange-portal/-/wikis/controlled-vocabularies/project-categories#project-category-241;Metal;Heavy Metal;Metal;;233;Musik > Popularmusik > Metal;Music > Popular Music > Metal;Q12326776;4284512-9;;
242;https://gitlab.git.nrw/arkumu/arkumu-exchange-portal/-/wikis/controlled-vocabularies/project-categories#project-category-242;New Wave;;New Wave;;233;Musik > Popularmusik > New Wave;Music > Popular Music > New Wave;Q187760;4201741-5;;
243;https://gitlab.git.nrw/arkumu/arkumu-exchange-portal/-/wikis/controlled-vocabularies/project-categories#project-category-243;Pop;;Pop;Popmusik;233;Musik > Popularmusik > Pop;Music > Popular Music > Pop;Q37073;4046781-8;;
244;https://gitlab.git.nrw/arkumu/arkumu-exchange-portal/-/wikis/controlled-vocabularies/project-categories#project-category-244;Punk;;Punk;;233;Musik > Popularmusik > Punk;Music > Popular Music > Punk;Q3071;4047851-8;;
245;https://gitlab.git.nrw/arkumu/arkumu-exchange-portal/-/wikis/controlled-vocabularies/project-categories#project-category-245;Rythm and Blues;Rhythm & Blues,R&B,R ’n’ B,RnB,R'n'B;Rythm and Blues;;233;Musik > Popularmusik > Rythm and Blues;Music > Popular Music > Rythm and Blues;Q45981;4178058-9;300417961;
246;https://gitlab.git.nrw/arkumu/arkumu-exchange-portal/-/wikis/controlled-vocabularies/project-categories#project-category-246;Reggae;;Reggae;;233;Musik > Popularmusik > Reggae;Music > Popular Music > Reggae;Q9794;4131018-4;;
247;https://gitlab.git.nrw/arkumu/arkumu-exchange-portal/-/wikis/controlled-vocabularies/project-categories#project-category-247;Rock;;Rock;Rockmusik;233;Musik > Popularmusik > Rock;Music > Popular Music > Rock;Q11399;4115774-6;;
248;https://gitlab.git.nrw/arkumu/arkumu-exchange-portal/-/wikis/controlled-vocabularies/project-categories#project-category-248;Rock and Roll;;Rock and Roll;;233;Musik > Popularmusik > Rock and Roll;Music > Popular Music > Rock and Roll;Q7749;4076762-0;;
249;https://gitlab.git.nrw/arkumu/arkumu-exchange-portal/-/wikis/controlled-vocabularies/project-categories#project-category-249;Schlager;;Schlager;;233;Musik > Popularmusik > Schlager;Music > Popular Music > Schlager;Q959583;4179673-1;;
250;https://gitlab.git.nrw/arkumu/arkumu-exchange-portal/-/wikis/controlled-vocabularies/project-categories#project-category-250;Singer-Songwriter;;Singer/Songwriter/Liedermacher;;233;Musik > Popularmusik > Singer/Songwriter/Liedermacher;Music > Popular Music > Singer-Songwriter;Q89363113;;;
251;https://gitlab.git.nrw/arkumu/arkumu-exchange-portal/-/wikis/controlled-vocabularies/project-categories#project-category-251;Ska;;Ska;;233;Musik > Popularmusik > Ska;Music > Popular Music > Ska;Q54365;4417986-8;;
252;https://gitlab.git.nrw/arkumu/arkumu-exchange-portal/-/wikis/controlled-vocabularies/project-categories#project-category-252;Solo Music;;Solomusik;;197;Musik > Solomusik;Music > Solo Music;Q11787388;;;
253;https://gitlab.git.nrw/arkumu/arkumu-exchange-portal/-/wikis/controlled-vocabularies/project-categories#project-category-253;Soundtrack;;Soundtrack;;197;Musik > Soundtrack;Music > Soundtrack;Q217199;4017129-2;300263865;
254;https://gitlab.git.nrw/arkumu/arkumu-exchange-portal/-/wikis/controlled-vocabularies/project-categories#project-category-254;Film Music;;Filmmusik;;253;Musik > Soundtrack > Filmmusik;Music > Soundtrack > Film Music;Q492264;4017129-2;;
255;https://gitlab.git.nrw/arkumu/arkumu-exchange-portal/-/wikis/controlled-vocabularies/project-categories#project-category-255;Game Soundtrack;;Videospielmusik;Game-Soundtrack,Computerspielmusik;253;Musik > Soundtrack > Videospielmusik;Music > Soundtrack > Game Soundtrack;Q1062702;1161203737;;
256;https://gitlab.git.nrw/arkumu/arkumu-exchange-portal/-/wikis/controlled-vocabularies/project-categories#project-category-256;Dance Music;;Tanzmusik;;197;Musik > Tanzmusik;Music > Dance Music;Q316930;4140677-1;;
257;https://gitlab.git.nrw/arkumu/arkumu-exchange-portal/-/wikis/controlled-vocabularies/project-categories#project-category-257;Vocal Music;;Vokalmusik;;197;Musik > Vokalmusik;Music > Vocal Music;Q685884;4063783-9;;
258;https://gitlab.git.nrw/arkumu/arkumu-exchange-portal/-/wikis/controlled-vocabularies/project-categories#project-category-258;Secular Music;;Weltliche Musik;;197;Musik > Weltliche Musik;Music > Secular Music;Q2707298;4233831-1;;
259;https://gitlab.git.nrw/arkumu/arkumu-exchange-portal/-/wikis/controlled-vocabularies/project-categories#project-category-259;Advertising Music;;Werbemusik;;197;Musik > Werbemusik;Music > Advertising Music;Q461064;;;
260;https://gitlab.git.nrw/arkumu/arkumu-exchange-portal/-/wikis/controlled-vocabularies/project-categories#project-category-260;Dance;;Tanz;;;Tanz;Dance;Q11639;4059028-8;300054144;
261;https://gitlab.git.nrw/arkumu/arkumu-exchange-portal/-/wikis/controlled-vocabularies/project-categories#project-category-261;Concert Dance;;Bühnentanz;;260;Tanz > Bühnentanz;Dance > Concert Dance;Q1020618;;;
262;https://gitlab.git.nrw/arkumu/arkumu-exchange-portal/-/wikis/controlled-vocabularies/project-categories#project-category-262;Group Dance;;Gruppentanz;;260;Tanz > Gruppentanz;Dance > Group Dance;Q1551063;4158473-9;;
263;https://gitlab.git.nrw/arkumu/arkumu-exchange-portal/-/wikis/controlled-vocabularies/project-categories#project-category-263;Jazz Dance;;Jazztanz;;260;Tanz > Jazztanz;Dance > Jazz Dance;Q936055;4028536-4;;
264;https://gitlab.git.nrw/arkumu/arkumu-exchange-portal/-/wikis/controlled-vocabularies/project-categories#project-category-264;Latin American Dance;;Lateinamerikanischer Tanz;;260;Tanz > Lateinamerikanischer Tanz;Dance > Latin American Dance;Q1457972;4166849-2;;
265;https://gitlab.git.nrw/arkumu/arkumu-exchange-portal/-/wikis/controlled-vocabularies/project-categories#project-category-265;Poplular Dance;;Modetanz;;260;Tanz > Modetanz;Dance > Poplular Dance;Q1650566;4338414-6;;
266;https://gitlab.git.nrw/arkumu/arkumu-exchange-portal/-/wikis/controlled-vocabularies/project-categories#project-category-266;Partner Dance;;Paartanz;;260;Tanz > Paartanz;Dance > Partner Dance;Q280336;4485517-5;;
267;https://gitlab.git.nrw/arkumu/arkumu-exchange-portal/-/wikis/controlled-vocabularies/project-categories#project-category-267;Line Dance;;Reihentanz;;260;Tanz > Reihentanz;Dance > Line Dance;Q912389;4408881-4;;
268;https://gitlab.git.nrw/arkumu/arkumu-exchange-portal/-/wikis/controlled-vocabularies/project-categories#project-category-268;Solo Dance;;Solotanz;Einzeltanz;260;Tanz > Solotanz;Dance > Solo Dance;Q178406;4151459-2;;
269;https://gitlab.git.nrw/arkumu/arkumu-exchange-portal/-/wikis/controlled-vocabularies/project-categories#project-category-269;Ballroom Dance;;Standardtanz;Gesellschaftstanz;260;Tanz > Standardtanz;Dance > Ballroom Dance;Q1085001;4235881-4;;
270;https://gitlab.git.nrw/arkumu/arkumu-exchange-portal/-/wikis/controlled-vocabularies/project-categories#project-category-270;Street Dance;Breakdance;Streetdance;Hip-Hop-Tanz;260;Tanz > Streetdance;Dance > Street Dance;Q1061584;1234925664;;
271;https://gitlab.git.nrw/arkumu/arkumu-exchange-portal/-/wikis/controlled-vocabularies/project-categories#project-category-271;Dance Theatre;;Tanztheater;;260;Tanz > Tanztheater;Dance > Dance Theatre;Q1425858;4184451-8;;
272;https://gitlab.git.nrw/arkumu/arkumu-exchange-portal/-/wikis/controlled-vocabularies/project-categories#project-category-272;Event;;Veranstaltung;;;Veranstaltung;Event;Q1656682;4125453-3;300417518;
273;https://gitlab.git.nrw/arkumu/arkumu-exchange-portal/-/wikis/controlled-vocabularies/project-categories#project-category-273;Interview;;Interview;;272;Veranstaltung > Interview;Event > Interview;Q178651;4027503-6;300026392;
274;https://gitlab.git.nrw/arkumu/arkumu-exchange-portal/-/wikis/controlled-vocabularies/project-categories#project-category-274;Panel Discussion;;Podiumsdiskussion;Podiumsgespräch;272;Veranstaltung > Podiumsdiskussion;Event > Interview;Q2100278;4614247-2;;
275;https://gitlab.git.nrw/arkumu/arkumu-exchange-portal/-/wikis/controlled-vocabularies/project-categories#project-category-275;Speech;Oration,Address;Rede;Oration,Ansprache;272;Veranstaltung > Rede;Event > Interview;Q861911;4048882-2;300417595;
276;https://gitlab.git.nrw/arkumu/arkumu-exchange-portal/-/wikis/controlled-vocabularies/project-categories#project-category-276;Conference;Academic Conference,Scientific Conference,Convention;Symposium;Wissenschaftliche Konferenz,Konferenz,Kongress,Tagung;272;Veranstaltung > Symposium;Event > Interview;Q2020153;4032055-8;300054789;
277;https://gitlab.git.nrw/arkumu/arkumu-exchange-portal/-/wikis/controlled-vocabularies/project-categories#project-category-277;Lecture;Talk;Vorlesung;Lehrveranstaltung;272;Veranstaltung > Vorlesung;Event > Interview;Q603773;4117405-7;300026673;
278;https://gitlab.git.nrw/arkumu/arkumu-exchange-portal/-/wikis/controlled-vocabularies/project-categories#project-category-278;Presentation;;Vortrag;Referat,Präsentation;272;Veranstaltung > Vortrag;Event > Interview;Q604733;4064035-8;300026673;
279;https://gitlab.git.nrw/arkumu/arkumu-exchange-portal/-/wikis/controlled-vocabularies/project-categories#project-category-279;Opera;;Oper;;199;Musik > Bühnenmusik > Oper;Music > Stage Music > Oper;Q1344;4043582-9;300054147;
280;https://gitlab.git.nrw/arkumu/arkumu-exchange-portal/-/wikis/controlled-vocabularies/project-categories#project-category-280;Direction;Stage Direction;Regie;Theaterregie;32;Darstellende Kunst > Theater > Regie;Performing Arts > Theatre > Direction;Q2137554;4177403-6;;
281;https://gitlab.git.nrw/arkumu/arkumu-exchange-portal/-/wikis/controlled-vocabularies/project-categories#project-category-281;Fixed Media;;Fixed Media;Lautsprechermusik;200;Musik > Elektroakustische Musik > Fixed Media;Music > Electroacoustic Music > Fixed Media;Q131286868;1348929952;;
282;https://gitlab.git.nrw/arkumu/arkumu-exchange-portal/-/wikis/controlled-vocabularies/project-categories#project-category-282;Radio Programme;Radio Show,Radio Program;Radiosendung;Hörfunksendung,Rundfunksendung;272;Veranstaltung > Radiosendung;Event > Radio Program;Q1555508;4160384-9;300387763;
283;https://gitlab.git.nrw/arkumu/arkumu-exchange-portal/-/wikis/controlled-vocabularies/project-categories#project-category-283;Portrait;Portrait Painting;Portrait;Portraitmalerei,Porträtmalerei;127;Kunst > Malerei > Portrait;Art > Painting > Portrait;Q1400853;4145426-1;300015637;
284;https://gitlab.git.nrw/arkumu/arkumu-exchange-portal/-/wikis/controlled-vocabularies/project-categories#project-category-284;Landscape Painting;;Landschaftsmalerei;Landschaftsgemälde;127;Kunst > Malerei > Landschaftsmalerei;Art > Painting > Landscape Painting;Q191163;4114355-3;300015636;
285;https://gitlab.git.nrw/arkumu/arkumu-exchange-portal/-/wikis/controlled-vocabularies/project-categories#project-category-285;Still Life;Still-Life Art;Stilleben;;127;Kunst > Malerei > Stilleben;Art > Painting > Still Life;Q170571;4057577-9;300015638;
286;https://gitlab.git.nrw/arkumu/arkumu-exchange-portal/-/wikis/controlled-vocabularies/project-categories#project-category-286;Genre Painting;;Genremalerei;Genrebild,Genreszene;127;Kunst > Malerei > Genremalerei;Art > Painting > Genre Painting;Q214127;4020173-9;300139140;
287;https://gitlab.git.nrw/arkumu/arkumu-exchange-portal/-/wikis/controlled-vocabularies/project-categories#project-category-287;History Painting;;Historienmalerei;Historiengemälde,Historienbild;127;Kunst > Malerei > Historienmalerei;Art > Painting > History Painting;Q742333;4025097-0;300033898;
288;https://gitlab.git.nrw/arkumu/arkumu-exchange-portal/-/wikis/controlled-vocabularies/project-categories#project-category-288;Abstract Painting;;Abstrakte Malerei;abstraktes Gemälde,Absolute Malerei;127;Kunst > Malerei > Abstrakte Malerei;Art > Painting > Abstract Painting;Q333357;4141148-1;;
289;https://gitlab.git.nrw/arkumu/arkumu-exchange-portal/-/wikis/controlled-vocabularies/project-categories#project-category-289;Architectural Painting;Architectural Picture;Architekturmalerei;;127;Kunst > Malerei > Architekturmalerei;Art > Painting > Architectural Painting;Q18353841;4142964-3;300440737;
290;https://gitlab.git.nrw/arkumu/arkumu-exchange-portal/-/wikis/controlled-vocabularies/project-categories#project-category-290;Interior Painting;;Interieurmalerei;;127;Kunst > Malerei > Interieurmalerei;Art > Painting > Interior Painting;Q1666094;;;
291;https://gitlab.git.nrw/arkumu/arkumu-exchange-portal/-/wikis/controlled-vocabularies/project-categories#project-category-291;Nude Painting;;Aktmalerei;;127;Kunst > Malerei > Aktmalerei;Art > Painting > Nude Painting;Q40446;4000978-6;;
